zip_path,filename,condition,width,height,mode,sha256,size_bytes
VR_Image_dataset_final/C1/Scene001_C1.jpg,Scene001_C1.jpg,C1,1600,800,RGB,9438e42cad4a1df3c453e5518cdb43d6f819770572a602ebcdd087e4761bc3cc,84462
VR_Image_dataset_final/C1/Scene002_C1.jpg,Scene002_C1.jpg,C1,1600,800,RGB,bff72bb48acda1ad85081f4fe14120137cac4768581b26bfe125b8883be47c4c,241065
VR_Image_dataset_final/C1/Scene003_C1.jpg,Scene003_C1.jpg,C1,1600,800,RGB,1c2036ad2c4cf412dec5991f7a0c29009cc8657ec8466645848ab7c07ce5a61f,99292
VR_Image_dataset_final/C1/Scene004_C1.jpg,Scene004_C1.jpg,C1,1600,800,RGB,f249107792258849f4493139d0f643899ee647e8669f128d7fb46497421f470a,71939
VR_Image_dataset_final/C1/Scene005_C1.jpg,Scene005_C1.jpg,C1,1600,800,RGB,cf1faf7edccce1e59c7499c48baa3de9ad338e32f7d329c7e5d5ce8243f7c7c2,100844
VR_Image_dataset_final/C1/Scene006_C1.jpg,Scene006_C1.jpg,C1,1600,800,RGB,d1ebacb7888590a3f1a8ab0eed118e84d85c0cfc99ecfbe221caa52c4639ad55,239708
VR_Image_dataset_final/C1/Scene007_C1.jpg,Scene007_C1.jpg,C1,1600,800,RGB,aab68e5bf56a2617b0e55fe24421a7b16af415c71214ccd423d36f20dd0ac7d5,224986
VR_Image_dataset_final/C1/Scene008_C1.jpg,Scene008_C1.jpg,C1,1600,800,RGB,4e0707f7af21dc3cf36ef436250758b7987267fe8b7729a5ba8d8fd6b366dc67,193213
VR_Image_dataset_final/C1/Scene009_C1.jpg,Scene009_C1.jpg,C1,1600,800,RGB,67dcc221d895d83cffaa09b9508808106c799ea1e22b8f7698d5ad9500bb6af8,294925
VR_Image_dataset_final/C1/Scene010_C1.jpg,Scene010_C1.jpg,C1,1600,800,RGB,124d41f2647ccc530ee9fc3738ac40517cedcf2d6ab41e1c49e471a95f8d9251,368490
VR_Image_dataset_final/C1/Scene011_C1.jpg,Scene011_C1.jpg,C1,1600,800,RGB,ecdc60a58e2fd076326be45a3a35d5733769be04f7331099bc5ed2df8bbd918f,378999
VR_Image_dataset_final/C1/Scene012_C1.jpg,Scene012_C1.jpg,C1,1600,800,RGB,33e6a18ec389f31a67fad145c93bf9025c0515e21956350a784eef4713a93a7d,350992
VR_Image_dataset_final/C1/Scene013_C1.jpg,Scene013_C1.jpg,C1,1600,800,RGB,4bf197c6fe880c01ce37e502956a21a2a2996821d037199e6b416c718530d02c,288782
VR_Image_dataset_final/C1/Scene014_C1.jpg,Scene014_C1.jpg,C1,1600,800,RGB,fec2f5aa5b778dbbe45539e633e15b954c0087912e78811f7000b7673317f265,201500
VR_Image_dataset_final/C1/Scene015_C1.jpg,Scene015_C1.jpg,C1,1600,800,RGB,e37283e3af3605cb51a9f346fe5890ba97407cc6cff5131d1fc2a4a778e6c82a,351001
VR_Image_dataset_final/C1/Scene016_C1.jpg,Scene016_C1.jpg,C1,1600,800,RGB,2f648c4f9f6865d4d584913595446e78c8c60aa9448ffebdb42afc37bc18f8ca,305459
VR_Image_dataset_final/C1/Scene017_C1.jpg,Scene017_C1.jpg,C1,1600,800,RGB,29f49aa769485f1816ce0224237f8825ad9e4a7d96b1bb67ce830f34d52939c4,186213
VR_Image_dataset_final/C1/Scene018_C1.jpg,Scene018_C1.jpg,C1,1600,800,RGB,b0a31396c6a8f6e495cb015c47bddcdcc4aae51c100c93e3aa8bad8c8e6bbe02,219803
VR_Image_dataset_final/C1/Scene019_C1.jpg,Scene019_C1.jpg,C1,1600,800,RGB,5b8fd7dfce099aed63f4fb6e835bb82d12d28c2b8c735cc5002fc1f389a8a437,139371
VR_Image_dataset_final/C1/Scene020_C1.jpg,Scene020_C1.jpg,C1,1600,800,RGB,eace96bc62158d5fc9782db072c227623e751d473cf40136a0a1456ac16f39cb,128478
VR_Image_dataset_final/C1/Scene021_C1.jpg,Scene021_C1.jpg,C1,1600,800,RGB,8381f600c5296b45637306154c809450d91af07f32ed686738089fa6ae04c561,195567
VR_Image_dataset_final/C1/Scene022_C1.jpg,Scene022_C1.jpg,C1,1600,800,RGB,2ebf2d6cc8bf049b1ee12afa6e2a4e1702e50d9b1d153d92b108ff9d7b89a356,292015
VR_Image_dataset_final/C1/Scene023_C1.jpg,Scene023_C1.jpg,C1,1600,800,RGB,a74a58550432af8238d4c446cae3fc419f866180faf1ccd55b34707859529dd4,279464
VR_Image_dataset_final/C1/Scene024_C1.jpg,Scene024_C1.jpg,C1,1600,800,RGB,20dcb62b003b85d10567fb7eb6db49baaf5039227238ae4e3610d7784c40db04,223871
VR_Image_dataset_final/C1/Scene025_C1.jpg,Scene025_C1.jpg,C1,1600,800,RGB,dbbe8f1384bcf2ed19e5f0bb434de67e1049a7eedda24b08307964bdda06172d,276538
VR_Image_dataset_final/C1/Scene026_C1.jpg,Scene026_C1.jpg,C1,1600,800,RGB,f1c723654e7a4da72d3efe5a441aa2f047e49da5522822e2db9513905932de39,353013
VR_Image_dataset_final/C1/Scene027_C1.jpg,Scene027_C1.jpg,C1,1600,800,RGB,4c013a917fdbdd1f46c388ce343239b9faf79702dc362f6539b6c1dffd4332e1,369988
VR_Image_dataset_final/C1/Scene028_C1.jpg,Scene028_C1.jpg,C1,1600,800,RGB,d9885dd55c1328e25d0a4faffa5bace1503c74c5db704f182f8ba80344a699c8,234591
VR_Image_dataset_final/C1/Scene029_C1.jpg,Scene029_C1.jpg,C1,1600,800,RGB,674b535820b9d58f7dfe2edceeec8987db6590f310994f8ff354cfb42b08f9f6,74079
VR_Image_dataset_final/C1/Scene030_C1.jpg,Scene030_C1.jpg,C1,1600,800,RGB,8af1e5e808c807a2e9e53cc92fe2e9a4ee5ad72f8a3dd336865a0d2d5f2c3908,251052
VR_Image_dataset_final/C1/Scene031_C1.jpg,Scene031_C1.jpg,C1,1600,800,RGB,7a91981bf4712c60407030b5cbbfcf9327d50de736bf53df8f028c6e9a48bf18,255709
VR_Image_dataset_final/C1/Scene032_C1.jpg,Scene032_C1.jpg,C1,1600,800,RGB,1940465ad0ea442f85fa47d42bb3308b493b64bc350ea7aab19e014d44f6b6d9,70116
VR_Image_dataset_final/C1/Scene033_C1.jpg,Scene033_C1.jpg,C1,1600,800,RGB,13e579a709293fddde3df20e99abbf7b83b016c8ada1114d31b7f59762eadfb7,363678
VR_Image_dataset_final/C1/Scene034_C1.jpg,Scene034_C1.jpg,C1,1600,800,RGB,04917e64273f99354cf5264847f9c2a50bd4432968edd5f88552d4578e8e2db3,127267
VR_Image_dataset_final/C1/Scene035_C1.jpg,Scene035_C1.jpg,C1,1600,800,RGB,7e4dccb6103bd61ef6ecd191dfd38abf0554eea239637d40f1c5467166a290d6,341773
VR_Image_dataset_final/C1/Scene036_C1.jpg,Scene036_C1.jpg,C1,1600,800,RGB,cfb4ed53703cade850be36a58ebfd9f592f4575dbc6f1ef90b5882e560e6ef77,375167
VR_Image_dataset_final/C1/Scene037_C1.jpg,Scene037_C1.jpg,C1,1600,800,RGB,e594a5cb3c52e73afa9e071c0c5b45bab77a959aa956a1be46f060d1e6d26f9d,253237
VR_Image_dataset_final/C1/Scene038_C1.jpg,Scene038_C1.jpg,C1,1600,800,RGB,8d3ae30579b88bd514966b44759d742e0544140dabf847902c6ff5fe72790ad3,173892
VR_Image_dataset_final/C1/Scene039_C1.jpg,Scene039_C1.jpg,C1,1600,800,RGB,379a3a0a572311d3afd549509185b2e9517b3760f20241ec66171d52bdbaca0c,230928
VR_Image_dataset_final/C1/Scene040_C1.jpg,Scene040_C1.jpg,C1,1600,800,RGB,88db7252e610f7b3d2982c3af8ad4fed02c5aa850296b2433e076e87fc22fc6e,172802
VR_Image_dataset_final/C1/Scene041_C1.jpg,Scene041_C1.jpg,C1,1600,800,RGB,56b707dc860ea6bc5e691d1617801f76fb0b923c29efc12b5e939d3b4363b99b,190640
VR_Image_dataset_final/C1/Scene042_C1.jpg,Scene042_C1.jpg,C1,1600,800,RGB,ce1305392f9faf93bc1c0714ea8c0317db29503e291aacca4d711722d75100c6,178172
VR_Image_dataset_final/C1/Scene043_C1.jpg,Scene043_C1.jpg,C1,1600,800,RGB,61c6b2f670917c9e3e05cffa02d851f61eff71125f03cd4e31d2d58613c09dda,177205
VR_Image_dataset_final/C1/Scene044_C1.jpg,Scene044_C1.jpg,C1,1600,800,RGB,ffe91ee0c17cbd825888a1dccabcb334c5f0b5db06777e37259d84a3f10e326f,167219
VR_Image_dataset_final/C1/Scene045_C1.jpg,Scene045_C1.jpg,C1,1600,800,RGB,e452ea71fdfeead772abd47784b50e65bfe8506f3bcf5c715edd8b4d1e6b5636,347780
VR_Image_dataset_final/C1/Scene046_C1.jpg,Scene046_C1.jpg,C1,1600,800,RGB,1bf729eb31094ddf86810b28082f6965cc4a48fcd896d2ad894d18614d4c3629,143148
VR_Image_dataset_final/C1/Scene047_C1.jpg,Scene047_C1.jpg,C1,1600,800,RGB,317586cbc42618314e8e2558114fc46cc8d9a14b1b10343a48b5690c9b8af2a1,212762
VR_Image_dataset_final/C1/Scene048_C1.jpg,Scene048_C1.jpg,C1,1600,800,RGB,e5e3cc44eb6aa0bcb31702cad5ab27d9f5f76eafef57a283842b2d4152442af4,270444
VR_Image_dataset_final/C1/Scene049_C1.jpg,Scene049_C1.jpg,C1,1600,800,RGB,6081391737a128316e1d8ca38212082154a5a41b6f9f06b91534036a60b43ec9,179346
VR_Image_dataset_final/C1/Scene050_C1.jpg,Scene050_C1.jpg,C1,1600,800,RGB,3d034d9906039767069b1327d5543253d4b4d8800355f738fcb343960dae314c,284925
VR_Image_dataset_final/C1/Scene051_C1.jpg,Scene051_C1.jpg,C1,1600,800,RGB,2314c4ab01ce98070f9b8dd2b8e382315d00a73153762e68ee0578bf63c51b2f,496476
VR_Image_dataset_final/C1/Scene052_C1.jpg,Scene052_C1.jpg,C1,1600,800,RGB,42450d3414608103ee56e54edc9320dcae8f0966fb6adacd99e275f409c52a0a,252882
VR_Image_dataset_final/C1/Scene053_C1.jpg,Scene053_C1.jpg,C1,1600,800,RGB,6e68a156227a24ad18fc319f2e91acd26480a1385126ced7f2a53d8a32144909,266864
VR_Image_dataset_final/C1/Scene054_C1.jpg,Scene054_C1.jpg,C1,1600,800,RGB,62135e5496392b8d8a050dd40c716c00fbee1b44650afea57040656943543f0e,336093
VR_Image_dataset_final/C1/Scene055_C1.jpg,Scene055_C1.jpg,C1,1600,800,RGB,d6481342a4d395b892b20e0a5be9b45f7a48930830b4528007f6c6d259b50dfc,243010
VR_Image_dataset_final/C1/Scene056_C1.jpg,Scene056_C1.jpg,C1,1600,800,RGB,308135c64c195312086ebd76779c61df4282986ab3a9c6e388d60378d5b91e84,301880
VR_Image_dataset_final/C1/Scene057_C1.jpg,Scene057_C1.jpg,C1,1600,800,RGB,bc4f7577f502f7bce0fb89a76549a8323367edbac986910207f3f6b0c57a82fc,323386
VR_Image_dataset_final/C1/Scene058_C1.jpg,Scene058_C1.jpg,C1,1600,800,RGB,8670487940021b385c1020bdefd0f8348ba2058f3622366eef0f5c1a72513324,260776
VR_Image_dataset_final/C1/Scene059_C1.jpg,Scene059_C1.jpg,C1,1600,800,RGB,d70c287bc2f013721e030f7c1e004433126cd936fb00065f70f3cb5d0fd61fba,325050
VR_Image_dataset_final/C1/Scene060_C1.jpg,Scene060_C1.jpg,C1,1600,800,RGB,2eb792f7f7f786524b2b881c7a7b1bcddc532bd8e4dd7b1dee6c47ddb69dd6e4,343173
VR_Image_dataset_final/C1/Scene061_C1.jpg,Scene061_C1.jpg,C1,1600,800,RGB,5267b7f7154f81f9d5242aba521b7c3f8089dbb57cfe7a91c630ceb5fc45095d,310272
VR_Image_dataset_final/C1/Scene062_C1.jpg,Scene062_C1.jpg,C1,1600,800,RGB,3cb9c6ae19599619c740fe41f5188e316a3d08623efc721eef807c65aa7b562a,257836
VR_Image_dataset_final/C1/Scene063_C1.jpg,Scene063_C1.jpg,C1,1600,800,RGB,0ca10a096e67f3a9b60c1374518c08ba7ce14af2eb44cff2994da908a991b8fd,448122
VR_Image_dataset_final/C1/Scene064_C1.jpg,Scene064_C1.jpg,C1,1600,800,RGB,6d51d39814756889d3a11ae94240bd0a7b37654868ce670559dafe3aead76ba8,360117
VR_Image_dataset_final/C1/Scene065_C1.jpg,Scene065_C1.jpg,C1,1600,800,RGB,03c49a654b67e7c5e47bbd79139f465e0783492f357a79859b3bfd5a4ae6e915,345192
VR_Image_dataset_final/C1/Scene066_C1.jpg,Scene066_C1.jpg,C1,1600,800,RGB,c16acd24587b4f89499d229a3cf0fe21cde772d83e04f046f2cdaccc14dd6e65,221203
VR_Image_dataset_final/C1/Scene067_C1.jpg,Scene067_C1.jpg,C1,1600,800,RGB,1785d231d9e9fcc79ae8246680424c998d69d971ad780064babd4607293d9b3c,270647
VR_Image_dataset_final/C1/Scene068_C1.jpg,Scene068_C1.jpg,C1,1600,800,RGB,7d52fede3cbc6fd7c1255f2a1f27fb4d9a1b2211ae858066901b9a4a068c7d5b,164697
VR_Image_dataset_final/C1/Scene069_C1.jpg,Scene069_C1.jpg,C1,1600,800,RGB,03a509c01c608b3dffb30a7a72bedafd3087e54c920457d11c86946ec6e2c2e5,203839
VR_Image_dataset_final/C1/Scene070_C1.jpg,Scene070_C1.jpg,C1,1600,800,RGB,7978483e029e7829c297c6f8c6724b1bd5a2fe9139f4aae6c5b4eedea0262c6a,261657
VR_Image_dataset_final/C1/Scene071_C1.jpg,Scene071_C1.jpg,C1,1600,800,RGB,cdf625ad3c146c750e74ff7badef5868bb4ca58a0e02354abd1b882b0b385010,309511
VR_Image_dataset_final/C1/Scene072_C1.jpg,Scene072_C1.jpg,C1,1600,800,RGB,08272f49793113f07ff13a49989c4e33d5707885239ace09470443daa63e5933,224696
VR_Image_dataset_final/C1/Scene073_C1.jpg,Scene073_C1.jpg,C1,1600,800,RGB,85ff5b7afa7878a7e3a0c39590f17ec2bea3f97aa35542385dd4275a16089575,348292
VR_Image_dataset_final/C1/Scene074_C1.jpg,Scene074_C1.jpg,C1,1600,800,RGB,14bca7658d8405c403ff95dc344ff3de5580f9134575e1d12c4a4944db885801,311608
VR_Image_dataset_final/C1/Scene075_C1.jpg,Scene075_C1.jpg,C1,1600,800,RGB,d2953b3b7c81c3a9e6b905574e6627915123018790dfee045908a998533db4ba,419824
VR_Image_dataset_final/C1/Scene076_C1.jpg,Scene076_C1.jpg,C1,1600,800,RGB,e7821ff46c5d207f545fb5d8c1d8a0f5022d9d9938dc84dd1ab8d6ade070a493,205829
VR_Image_dataset_final/C1/Scene077_C1.jpg,Scene077_C1.jpg,C1,1600,800,RGB,15442049bda4c1e6450e826c1b413c7dbf5fe33c511d130fca2e9f4bdb40d572,362560
VR_Image_dataset_final/C1/Scene078_C1.jpg,Scene078_C1.jpg,C1,1600,800,RGB,fa7f632788e4d32829f7add1f51017de9eb6ae4bfabcb4599ea46b46e37b2816,275323
VR_Image_dataset_final/C1/Scene079_C1.jpg,Scene079_C1.jpg,C1,1600,800,RGB,77e768207b991b21bdb798b3b4970536096f69484ad1ad3e38ee124c3be4dd28,230633
VR_Image_dataset_final/C1/Scene080_C1.jpg,Scene080_C1.jpg,C1,1600,800,RGB,7d465ecb25f8f29e7c16fae05d088d071e29a32d53a0f7e9e9bde1659450ff07,365875
VR_Image_dataset_final/C1/Scene081_C1.jpg,Scene081_C1.jpg,C1,1600,800,RGB,c660ea5143386036f79e379c81c2d85d729b3f6ef65a11ce0ead1a8b114e8049,323947
VR_Image_dataset_final/C1/Scene082_C1.jpg,Scene082_C1.jpg,C1,1600,800,RGB,28dda378e049040ae257388bf9c763f4dc692ad57cdfbe8d3c083c3d58a0a79c,213817
VR_Image_dataset_final/C1/Scene083_C1.jpg,Scene083_C1.jpg,C1,1600,800,RGB,62f8d006620d194ac4cf877ec8cd188a4c58f53d5a82fbbfed097d05533f931e,251206
VR_Image_dataset_final/C1/Scene084_C1.jpg,Scene084_C1.jpg,C1,1600,800,RGB,47e53740fb1c3ad5a2473d5ddb19fd630aa32a769f50a7aec692545e17a565af,246556
VR_Image_dataset_final/C1/Scene085_C1.jpg,Scene085_C1.jpg,C1,1600,800,RGB,b4fb7d6573472d336fe98f1887e576573b56362dca2e9b363bd771478200ff7c,249737
VR_Image_dataset_final/C1/Scene086_C1.jpg,Scene086_C1.jpg,C1,1600,800,RGB,ae80d5d53d6ba5ac1c4cf2116487e66085448f326b462392b488020219e738d2,237001
VR_Image_dataset_final/C1/Scene087_C1.jpg,Scene087_C1.jpg,C1,1600,800,RGB,23b2cddd373c78ab15c4c5fbc43f199afbceb52f97bb81b6cfc41dec46f22da0,454353
VR_Image_dataset_final/C1/Scene088_C1.jpg,Scene088_C1.jpg,C1,1600,800,RGB,76aaf0c79f971df757715f8b1950a8842b25b53790b393bd2665573d71a3da30,161937
VR_Image_dataset_final/C1/Scene089_C1.jpg,Scene089_C1.jpg,C1,1600,800,RGB,043506843825f278ca0273f56b9b3cb580bba1d19e9ee722a4b7c2f8d111cda2,221420
VR_Image_dataset_final/C1/Scene090_C1.jpg,Scene090_C1.jpg,C1,1600,800,RGB,6cecc4f023274dafe160413dd55aa2e527ab96360ea575b12e75b13c18a32f81,212361
VR_Image_dataset_final/C1/Scene091_C1.jpg,Scene091_C1.jpg,C1,1600,800,RGB,608a5cbdc9112d0c49c580b23b07ef85ddadaa534efe56fb086faf03f4aff53d,213806
VR_Image_dataset_final/C1/Scene092_C1.jpg,Scene092_C1.jpg,C1,1600,800,RGB,59567ec8d3dc898e229a6ce261870cf328d0652ed0843a6019b8f4dd29629595,164567
VR_Image_dataset_final/C1/Scene093_C1.jpg,Scene093_C1.jpg,C1,1600,800,RGB,f0b45f5756b58c773fbacc464d184eecede8d852961e48819a781c857ab890a0,203011
VR_Image_dataset_final/C1/Scene094_C1.jpg,Scene094_C1.jpg,C1,1600,800,RGB,80f57190b22173db06e73cfa75329a7081ce706211c256f748f10576e4fd2e3c,231392
VR_Image_dataset_final/C1/Scene095_C1.jpg,Scene095_C1.jpg,C1,1600,800,RGB,7911ca7ca7fd5debcc75e0fc1246dcb23e032c42a0a3b01467424b3e58da2a54,188980
VR_Image_dataset_final/C1/Scene096_C1.jpg,Scene096_C1.jpg,C1,1600,800,RGB,cc920292b70d6b12b57889f42d5ac96fdefbf59f1b7c9e8f3a7e539a4c01e47f,50973
VR_Image_dataset_final/C1/Scene097_C1.jpg,Scene097_C1.jpg,C1,1600,800,RGB,21cce27eeaff4a39dee2059a84ca419b57b7791bbfbdd1c2a9c2fda20e826968,54535
VR_Image_dataset_final/C1/Scene098_C1.jpg,Scene098_C1.jpg,C1,1600,800,RGB,f90db1ee1b2c71f888ed985c2b933ec2ff61ae51695c47687fab9c47ecc2474d,110269
VR_Image_dataset_final/C1/Scene099_C1.jpg,Scene099_C1.jpg,C1,1600,800,RGB,2edbc9ebc3404e65ef2fdf53248e797981fdb8fd168564193b8ca3cf5102e6cc,182123
VR_Image_dataset_final/C1/Scene100_C1.jpg,Scene100_C1.jpg,C1,1600,800,RGB,226fc2e17b9746c31652f5620db40e3a4538616413215b9a6b532582b79b5512,184223
VR_Image_dataset_final/C2/Scene001_C2.jpg,Scene001_C2.jpg,C2,1600,800,RGB,cebd7590e20fe4a552f7cd737f2254815b9732273e9fd859f9d51e63ce889ed1,73750
VR_Image_dataset_final/C2/Scene002_C2.jpg,Scene002_C2.jpg,C2,1600,800,RGB,98b4b4e1fae5720bbaa6712f95fa31cb9ea1ad4c304169504235174ffe4667ed,248626
VR_Image_dataset_final/C2/Scene003_C2.jpg,Scene003_C2.jpg,C2,1600,800,RGB,072d5fbcdf753eb9d739b9de737796ea42cb374ea98688d2d024969865551165,103065
VR_Image_dataset_final/C2/Scene004_C2.jpg,Scene004_C2.jpg,C2,1600,800,RGB,c6aa2329a3b56f1861e36b4a4844411ffd43affc66cbbdd4714a176f89175789,72541
VR_Image_dataset_final/C2/Scene005_C2.jpg,Scene005_C2.jpg,C2,1600,800,RGB,380d6a06c3d41dbd9dc0c14688e8a23c75a6bb869a6bc3d3c305bffc1edd766d,105952
VR_Image_dataset_final/C2/Scene006_C2.jpg,Scene006_C2.jpg,C2,1600,800,RGB,d8ae96ae6b5899bc5afc0b5ba917dccc438a07421d4276a69108326664a4fda9,248258
VR_Image_dataset_final/C2/Scene007_C2.jpg,Scene007_C2.jpg,C2,1600,800,RGB,1082175a78a9bdc331fe664652265a22d1edd1d60416176b2f9b7ab0df75dc6c,235232
VR_Image_dataset_final/C2/Scene008_C2.jpg,Scene008_C2.jpg,C2,1600,800,RGB,034c281cb06f8f898a9f4e3242f5c890d238704a98d6b047bacfe2e65a8e2759,198031
VR_Image_dataset_final/C2/Scene009_C2.jpg,Scene009_C2.jpg,C2,1600,800,RGB,99e80ca81bed6785739fa67896f2ffdde93e0b60cbccbc233c5698113317bd56,308072
VR_Image_dataset_final/C2/Scene010_C2.jpg,Scene010_C2.jpg,C2,1600,800,RGB,9dc12141f4f1d1f50e04228d8fb6fc7b89a4e095d258ae22992d9b7341bc6ffe,383251
VR_Image_dataset_final/C2/Scene011_C2.jpg,Scene011_C2.jpg,C2,1600,800,RGB,5e6e0466f95b9e273ee97ed18a85ec843a5dfeb8f7447f6df79c9ef5a2afac56,393987
VR_Image_dataset_final/C2/Scene012_C2.jpg,Scene012_C2.jpg,C2,1600,800,RGB,59427bf509bcf0ba6c0780102f36af90448eb5ee56467ca8e6d58827180b6030,362868
VR_Image_dataset_final/C2/Scene013_C2.jpg,Scene013_C2.jpg,C2,1600,800,RGB,29aee8409659c8c58725aab5bfc8367b75355e46436a789dbe288b8c28d575a6,298863
VR_Image_dataset_final/C2/Scene014_C2.jpg,Scene014_C2.jpg,C2,1600,800,RGB,e6cb5d6122bd058dca8746c1ba1454962bff94515c8f12d8e5ae4a11168454a6,209425
VR_Image_dataset_final/C2/Scene015_C2.jpg,Scene015_C2.jpg,C2,1600,800,RGB,fbd8f41f88916ebc1039f1137db7231acc248280ab8e6f2892e12968a365417d,363241
VR_Image_dataset_final/C2/Scene016_C2.jpg,Scene016_C2.jpg,C2,1600,800,RGB,0be0b4db4f1473b9983e755efc4f34ce5039ed574b5670960423b4f4f03ff847,320471
VR_Image_dataset_final/C2/Scene017_C2.jpg,Scene017_C2.jpg,C2,1600,800,RGB,e22afee234a9c6a1d5ca080868a82b92f52deb6072ab8451c75e78951127b084,193609
VR_Image_dataset_final/C2/Scene018_C2.jpg,Scene018_C2.jpg,C2,1600,800,RGB,b919e091b415684cc6b562938997a0fb1e940cedcce4ba9c5b1f7ced0bacfcf7,230186
VR_Image_dataset_final/C2/Scene019_C2.jpg,Scene019_C2.jpg,C2,1600,800,RGB,c0e0614d5dba021d6ddec95fb2360620a54ba63bb2484e7af46472bc3b0ed022,147867
VR_Image_dataset_final/C2/Scene020_C2.jpg,Scene020_C2.jpg,C2,1600,800,RGB,4a888ab9f92a139ed1f405da2245a10c02cc07b223a61946f4f83fc35bc426b0,135101
VR_Image_dataset_final/C2/Scene021_C2.jpg,Scene021_C2.jpg,C2,1600,800,RGB,84892cfcd9849b5c25a10dcfd39492c855b6e254d6eb900c3bd2fade0b4d44cb,204815
VR_Image_dataset_final/C2/Scene022_C2.jpg,Scene022_C2.jpg,C2,1600,800,RGB,e6ef33fa789c65a26d339bcb032645a7c34c1f8cce4ce18a349f85ffe1b5f59a,303839
VR_Image_dataset_final/C2/Scene023_C2.jpg,Scene023_C2.jpg,C2,1600,800,RGB,073fba2fa4167a5b2a50a32b012f68dae4f14d390491a84909522558cfd1124f,290298
VR_Image_dataset_final/C2/Scene024_C2.jpg,Scene024_C2.jpg,C2,1600,800,RGB,3478c60c83447125759dcc96aab353bf84ca27f8c6b229d409716db3b41d942d,233616
VR_Image_dataset_final/C2/Scene025_C2.jpg,Scene025_C2.jpg,C2,1600,800,RGB,51593962a198895b216b161175c5fbb55fd5c2cda9b185c75787091060835336,287904
VR_Image_dataset_final/C2/Scene026_C2.jpg,Scene026_C2.jpg,C2,1600,800,RGB,1e5cf41515a83485dd695ce083c7a39570a7872ccb87bc7092218cb9fdce7c08,360466
VR_Image_dataset_final/C2/Scene027_C2.jpg,Scene027_C2.jpg,C2,1600,800,RGB,54404070243d447a992eefeaccd28a1be301e06db2ec077de2b21fa74cd44e04,377169
VR_Image_dataset_final/C2/Scene028_C2.jpg,Scene028_C2.jpg,C2,1600,800,RGB,74d2b2fc5e7c485a461ecb7356c9756f148317e6449e6b1dc343e8cec19b8997,239202
VR_Image_dataset_final/C2/Scene029_C2.jpg,Scene029_C2.jpg,C2,1600,800,RGB,caa12a369fa199144dea928a12eecf8839bf1ddf6ed1969a2b85222eeb6b4c26,76370
VR_Image_dataset_final/C2/Scene030_C2.jpg,Scene030_C2.jpg,C2,1600,800,RGB,08554f799915f4ee93f45fc313ea03933de39788c8739e608c38cca5c010eda7,260631
VR_Image_dataset_final/C2/Scene031_C2.jpg,Scene031_C2.jpg,C2,1600,800,RGB,798c33e34fe7230ee38e7aae1f7925c86e19e9f7cee9f26d27cdec508ec3ee62,262927
VR_Image_dataset_final/C2/Scene032_C2.jpg,Scene032_C2.jpg,C2,1600,800,RGB,8f5f3515475ee4b1b495b992c76986b5c2e88036ecda223b8320c5b3c1f52357,69504
VR_Image_dataset_final/C2/Scene033_C2.jpg,Scene033_C2.jpg,C2,1600,800,RGB,a6c2019fff3c424e58df768a6e80aea4acdf1322e6de335e627904dcd72e14e5,367669
VR_Image_dataset_final/C2/Scene034_C2.jpg,Scene034_C2.jpg,C2,1600,800,RGB,28cb8922bcf9774584f750605a8f0b67125f1a4cb964b4269660cd47757c0f54,132405
VR_Image_dataset_final/C2/Scene035_C2.jpg,Scene035_C2.jpg,C2,1600,800,RGB,8621ab120b2a1237fb7bffe0ca4e4983df707129d72c1342d6df03c06092d123,349870
VR_Image_dataset_final/C2/Scene036_C2.jpg,Scene036_C2.jpg,C2,1600,800,RGB,fad309991b2c36ede8f317cc6b46bc32682109fbdf5a1b751e90b4fb78380bd4,382085
VR_Image_dataset_final/C2/Scene037_C2.jpg,Scene037_C2.jpg,C2,1600,800,RGB,7d453affcbc95a4ae6171b5b12129e5209256d00b3d38d1cdcde60719870d1f9,260058
VR_Image_dataset_final/C2/Scene038_C2.jpg,Scene038_C2.jpg,C2,1600,800,RGB,a298d5cba80fc3177a7dd37c6ccfe34b143547d16fd9553e9c7d67d21af9053f,180878
VR_Image_dataset_final/C2/Scene039_C2.jpg,Scene039_C2.jpg,C2,1600,800,RGB,b0175cf2fbd227012594721776677367567be1f401ca349da5dd38cd66e69198,237472
VR_Image_dataset_final/C2/Scene040_C2.jpg,Scene040_C2.jpg,C2,1600,800,RGB,a981f23cc836b55f6b7f96ef46b9f0a353dfa23abc20f824646255bf7de15a15,179015
VR_Image_dataset_final/C2/Scene041_C2.jpg,Scene041_C2.jpg,C2,1600,800,RGB,5015da0c9363c6b0e8db94a88d3efabe2d69438024c0cdede11726e04145928b,196494
VR_Image_dataset_final/C2/Scene042_C2.jpg,Scene042_C2.jpg,C2,1600,800,RGB,881b27825689c478f5c9ede25da4028d291cb843d223dae9c45723e603239c91,184208
VR_Image_dataset_final/C2/Scene043_C2.jpg,Scene043_C2.jpg,C2,1600,800,RGB,98790a358c1e93e393857d95d40b9a2d87a396459c33cede64b15a64ded19d65,181133
VR_Image_dataset_final/C2/Scene044_C2.jpg,Scene044_C2.jpg,C2,1600,800,RGB,c24d045bee5fe7042bb979a4f86b8b52100f6f52e735b563f316559c129e476b,172215
VR_Image_dataset_final/C2/Scene045_C2.jpg,Scene045_C2.jpg,C2,1600,800,RGB,320f16961f15c014f00a78a2b60511f648137449c5e7dd5f7f8e3f446dbd6f94,353871
VR_Image_dataset_final/C2/Scene046_C2.jpg,Scene046_C2.jpg,C2,1600,800,RGB,eae1d908160d893dc28af00d8507c1f973845ce51c17700eb139deedc7115a77,148463
VR_Image_dataset_final/C2/Scene047_C2.jpg,Scene047_C2.jpg,C2,1600,800,RGB,7e2568f565d95ebbf3ae995755a2d190c1c8d483f34ba84c456293e8cbbe8ce3,217824
VR_Image_dataset_final/C2/Scene048_C2.jpg,Scene048_C2.jpg,C2,1600,800,RGB,6926ea231d5f02dd0143812696b45e2a298cc9430524df680a72d48ed5995c74,277380
VR_Image_dataset_final/C2/Scene049_C2.jpg,Scene049_C2.jpg,C2,1600,800,RGB,dbcafdd8f7de5abc312f68dd45c037e2ec8b5cfbde6432a7973445f3204baea3,182908
VR_Image_dataset_final/C2/Scene050_C2.jpg,Scene050_C2.jpg,C2,1600,800,RGB,0c043f3319a0e273fa12bb5ed207c39fdbe6500c0ae03e528d0ad0a0a3442f06,292058
VR_Image_dataset_final/C2/Scene051_C2.jpg,Scene051_C2.jpg,C2,1600,800,RGB,7da4a377660e50c54b4ee740b73ce4cf4544bed4f952acc7cab8171ee7075bb8,512983
VR_Image_dataset_final/C2/Scene052_C2.jpg,Scene052_C2.jpg,C2,1600,800,RGB,fd0c302ff6dcadf22e7c818a9bd1548a40f3f52f2e68a88259f7512e2160466f,267104
VR_Image_dataset_final/C2/Scene053_C2.jpg,Scene053_C2.jpg,C2,1600,800,RGB,db0979bc49323b533bfb96887db15ae87d58b1c794f520a6f89dc4009456dfed,282197
VR_Image_dataset_final/C2/Scene054_C2.jpg,Scene054_C2.jpg,C2,1600,800,RGB,8cd33e32019424549719f57b3b8ac159c7cfb53642584114214ff5c015018d13,350210
VR_Image_dataset_final/C2/Scene055_C2.jpg,Scene055_C2.jpg,C2,1600,800,RGB,2ee886afce610afc0f3294bd8e4d160f20e0c23e60933447f2752203eb450f95,254285
VR_Image_dataset_final/C2/Scene056_C2.jpg,Scene056_C2.jpg,C2,1600,800,RGB,b5bc1f05d4bb4e90cb86c848e2ac115695837d163966721f1140a7c400c9a866,315724
VR_Image_dataset_final/C2/Scene057_C2.jpg,Scene057_C2.jpg,C2,1600,800,RGB,90a98b7fe23b2e6669ece701c180a6d9fc2e901c128148ecd6e867d71be1cb57,337973
VR_Image_dataset_final/C2/Scene058_C2.jpg,Scene058_C2.jpg,C2,1600,800,RGB,7e97a62a2a991f506419f4d6755f04be5f04be708d7bbc79c08955723811e7d0,272746
VR_Image_dataset_final/C2/Scene059_C2.jpg,Scene059_C2.jpg,C2,1600,800,RGB,508af738084cba98ba9b13f5a435e4f31653c75460e25d0399d4fcfe33a53300,343064
VR_Image_dataset_final/C2/Scene060_C2.jpg,Scene060_C2.jpg,C2,1600,800,RGB,45432c0ed969b08d233103f4a1f8752b46e33ffd3dd299919e347551d64fdfec,367234
VR_Image_dataset_final/C2/Scene061_C2.jpg,Scene061_C2.jpg,C2,1600,800,RGB,a91dc26cd06fae3a6a2916d21f912520275cad67c7bbfb69fb5fa12853fdf6e7,322585
VR_Image_dataset_final/C2/Scene062_C2.jpg,Scene062_C2.jpg,C2,1600,800,RGB,e828296594c724b0d7d433b3d788f0f1258f6d987e5c4e5ba9538b8d4d7b3d78,272920
VR_Image_dataset_final/C2/Scene063_C2.jpg,Scene063_C2.jpg,C2,1600,800,RGB,5c6a7ac3a5c9527a6bd494e9bee72d4616836f36b0173f4983f2e3810d0412e0,468781
VR_Image_dataset_final/C2/Scene064_C2.jpg,Scene064_C2.jpg,C2,1600,800,RGB,e90927c73ee50915bc8430cf717e1105b63ea49488f47e68e2729a7051b7a166,368446
VR_Image_dataset_final/C2/Scene065_C2.jpg,Scene065_C2.jpg,C2,1600,800,RGB,6f857ff2554bed3e3c6c5dfa7be6a824542c2b4905ad1f1ef6d3f61cebbb9a18,360283
VR_Image_dataset_final/C2/Scene066_C2.jpg,Scene066_C2.jpg,C2,1600,800,RGB,d3c8f58cbca16578d96b96c5d185086e852a6505f2a262fd75786b786f6a552e,231563
VR_Image_dataset_final/C2/Scene067_C2.jpg,Scene067_C2.jpg,C2,1600,800,RGB,9a525e4e21059e705ce23d75a185b5c6bd12ce364f29c30ee401e108568a7943,282456
VR_Image_dataset_final/C2/Scene068_C2.jpg,Scene068_C2.jpg,C2,1600,800,RGB,a39a964cfbf8e354f551178c6bd6d7c4c98a890e2491627deecaef2e12a84af3,173324
VR_Image_dataset_final/C2/Scene069_C2.jpg,Scene069_C2.jpg,C2,1600,800,RGB,0582952b830064e513eca9d775d1668fdbd5b7ecb4b63ea064426488b5db8d88,216304
VR_Image_dataset_final/C2/Scene070_C2.jpg,Scene070_C2.jpg,C2,1600,800,RGB,11c3de57adb2fbd616c91374cb88e90039079113636d14053a9664080d0eec65,279602
VR_Image_dataset_final/C2/Scene071_C2.jpg,Scene071_C2.jpg,C2,1600,800,RGB,f4a789d58b804d5d4dc0952e02a0e4bb6932065391e1e1ef5e9f0c8e4a7cdac7,326734
VR_Image_dataset_final/C2/Scene072_C2.jpg,Scene072_C2.jpg,C2,1600,800,RGB,bf96335419849526ce2ed1dadcf4a62fe251c099228baeed778847e3395e8f5e,235605
VR_Image_dataset_final/C2/Scene073_C2.jpg,Scene073_C2.jpg,C2,1600,800,RGB,e604cec47543dd9bc26e122f4e3da11f75fa693e142bc8c8f37d42024b1f2b4a,365592
VR_Image_dataset_final/C2/Scene074_C2.jpg,Scene074_C2.jpg,C2,1600,800,RGB,d6360305126089433ec4b54d51e6e4a966eb5d5952040acb26122a49ed669584,334633
VR_Image_dataset_final/C2/Scene075_C2.jpg,Scene075_C2.jpg,C2,1600,800,RGB,03d6d39f6cdbd2817cdda2ec4f231c7412c21e688dad707791c65651ca37fe92,433775
VR_Image_dataset_final/C2/Scene076_C2.jpg,Scene076_C2.jpg,C2,1600,800,RGB,fe2389ba00d845deeecdbb7c3470e878889fd857eab8a61c044ec7f47c1c9841,217223
VR_Image_dataset_final/C2/Scene077_C2.jpg,Scene077_C2.jpg,C2,1600,800,RGB,2936897c131ed4a0111e7689f25f9ca863b6b630cbc72480139fde6099d319da,379573
VR_Image_dataset_final/C2/Scene078_C2.jpg,Scene078_C2.jpg,C2,1600,800,RGB,b731a04da927bf182d19d7b73038e7438852055a5e14775648eec32e76478fbb,293049
VR_Image_dataset_final/C2/Scene079_C2.jpg,Scene079_C2.jpg,C2,1600,800,RGB,91befff9e8788b2472aa73ce0083c0ba55ddcdead040aea36f991b13880f71ac,243656
VR_Image_dataset_final/C2/Scene080_C2.jpg,Scene080_C2.jpg,C2,1600,800,RGB,6c73ffd4c186599c5e2a87d8ec41a2da3a407c9e737fab03aa94af9235f44c6c,380733
VR_Image_dataset_final/C2/Scene081_C2.jpg,Scene081_C2.jpg,C2,1600,800,RGB,065fe674315b68af3752de6baf0db8299450af8531fd0f7fcf058e745722ae2b,347043
VR_Image_dataset_final/C2/Scene082_C2.jpg,Scene082_C2.jpg,C2,1600,800,RGB,2d73f794e52522c35fff715c98dd7e16f068c038c893453668c9d6047aa63729,229830
VR_Image_dataset_final/C2/Scene083_C2.jpg,Scene083_C2.jpg,C2,1600,800,RGB,9f03923fc88e502fd393c645f492fbd85e894e04ed34fc842a0eec18a28a0cc5,263139
VR_Image_dataset_final/C2/Scene084_C2.jpg,Scene084_C2.jpg,C2,1600,800,RGB,bcf04cd545f63975179b43622b0b2ce650f389fffe9ac847b1ee957647b60709,261229
VR_Image_dataset_final/C2/Scene085_C2.jpg,Scene085_C2.jpg,C2,1600,800,RGB,951012828c50311870700e1dca1fc8a32dfb71fa9693f853c51aea93ec3eb3ac,262013
VR_Image_dataset_final/C2/Scene086_C2.jpg,Scene086_C2.jpg,C2,1600,800,RGB,ed1a38c2b07b51fce5c25d060f2d32c2ff91fd30da8607edce0b4bb9ab0b6cef,247319
VR_Image_dataset_final/C2/Scene087_C2.jpg,Scene087_C2.jpg,C2,1600,800,RGB,4ad2352724988540eef66225995d5ba3fe12859dd4b3829747a5b7655a1ea43f,470261
VR_Image_dataset_final/C2/Scene088_C2.jpg,Scene088_C2.jpg,C2,1600,800,RGB,333f5f3c514a3f013cb57f1dd839ee8f3d736db0216a6dc30c3df2064f309d6c,166992
VR_Image_dataset_final/C2/Scene089_C2.jpg,Scene089_C2.jpg,C2,1600,800,RGB,c48cb19c998c33357b6ba86511f78275e0fdad3afbcbe572b76fbb01d43906c3,229097
VR_Image_dataset_final/C2/Scene090_C2.jpg,Scene090_C2.jpg,C2,1600,800,RGB,7ab8754e0dac282f1705a9d019b1d081ee07e0caac688fe43105db93ef57df86,222939
VR_Image_dataset_final/C2/Scene091_C2.jpg,Scene091_C2.jpg,C2,1600,800,RGB,8611c8f9acda27870eaf5cc9da51bc02d64666ada5fa12f84385597263ffb01d,223443
VR_Image_dataset_final/C2/Scene092_C2.jpg,Scene092_C2.jpg,C2,1600,800,RGB,af5fe313264d9edf071a2d7a68a8fffcad160895db4ceb4ae383aafd6936e21b,181156
VR_Image_dataset_final/C2/Scene093_C2.jpg,Scene093_C2.jpg,C2,1600,800,RGB,ae941a7059f9f492d437a80cbb093fef3d33bc174d8362285e5b8cfa816d0be0,214867
VR_Image_dataset_final/C2/Scene094_C2.jpg,Scene094_C2.jpg,C2,1600,800,RGB,7ef3f37fcd10f1f3c440ecb3ab9b923efdeabff0b3ec95096502fad66e65e51d,246151
VR_Image_dataset_final/C2/Scene095_C2.jpg,Scene095_C2.jpg,C2,1600,800,RGB,97ec6cf21191d77bcc0aa2756573e498f356549729df3cc45f0acca0815c70f3,202334
VR_Image_dataset_final/C2/Scene096_C2.jpg,Scene096_C2.jpg,C2,1600,800,RGB,145ee11002dd29947cecfce38871bf6d8818c218b09bdaa796ab9a41c807344b,57679
VR_Image_dataset_final/C2/Scene097_C2.jpg,Scene097_C2.jpg,C2,1600,800,RGB,03a023d547d3326dbfeecc49c83fce3053fe454661f68923f46d01e787a77810,59991
VR_Image_dataset_final/C2/Scene098_C2.jpg,Scene098_C2.jpg,C2,1600,800,RGB,e3a0c91feb44997f00162d9574c0718a0513c26b0b9b57d405c86845c38f08ff,118944
VR_Image_dataset_final/C2/Scene099_C2.jpg,Scene099_C2.jpg,C2,1600,800,RGB,020db034e516c1e5d77c2b79ae415c923ae2522f8420008c7a87894ffd512dfb,195455
VR_Image_dataset_final/C2/Scene100_C2.jpg,Scene100_C2.jpg,C2,1600,800,RGB,f8eec014a67cfdec12bef8f74e960868107db59624ec5342afe99eebeb7da450,190614
VR_Image_dataset_final/C3/Scene001_C3.jpg,Scene001_C3.jpg,C3,1600,800,RGB,261f480dd572c3251802c149a0a76d75d7b050b8e5629e4c1d9242a8af15cd72,91916
VR_Image_dataset_final/C3/Scene002_C3.jpg,Scene002_C3.jpg,C3,1600,800,RGB,a5aaab09719fd444e27e55acb51dfcc377384cbb5a9b28c214371d80241a268a,259932
VR_Image_dataset_final/C3/Scene003_C3.jpg,Scene003_C3.jpg,C3,1600,800,RGB,1508ff076516d3e7e7123dccf712871908d4025da00abe54b28285c77317cd03,103564
VR_Image_dataset_final/C3/Scene004_C3.jpg,Scene004_C3.jpg,C3,1600,800,RGB,c2844bde62bfe2f18b290ff42e011930c813dabb8b370985072c1563a153d0ed,79249
VR_Image_dataset_final/C3/Scene005_C3.jpg,Scene005_C3.jpg,C3,1600,800,RGB,3220cb8f1105c21c66f851efa84a024deb13ff3cd76a990bdc59c70a758e47b7,110816
VR_Image_dataset_final/C3/Scene006_C3.jpg,Scene006_C3.jpg,C3,1600,800,RGB,36ad97fc793a79af653f12fa1148d331b641156e2d5d9404fb42a2b84acbbbf5,263964
VR_Image_dataset_final/C3/Scene007_C3.jpg,Scene007_C3.jpg,C3,1600,800,RGB,118d327f74cdfd6e7b79d2296725c22d897f0a88286e3e67ff25e92af2b595ea,245787
VR_Image_dataset_final/C3/Scene008_C3.jpg,Scene008_C3.jpg,C3,1600,800,RGB,f79c98a8969ccc889f6cf07276f34e2bb02040115cea6c936f3bf4a57a665b60,211530
VR_Image_dataset_final/C3/Scene009_C3.jpg,Scene009_C3.jpg,C3,1600,800,RGB,7726d2d608a47464e237da6f238c1ecdc347fdce93a359ba73dd39e01c9a9aa4,346776
VR_Image_dataset_final/C3/Scene010_C3.jpg,Scene010_C3.jpg,C3,1600,800,RGB,08391dcd25b748a6165783da91ab2dbcc8ea7d6e41bbcfc4c9bf6ca8dcd6bba6,423416
VR_Image_dataset_final/C3/Scene011_C3.jpg,Scene011_C3.jpg,C3,1600,800,RGB,2409ee4d1574daab467172f9458b63bfc8fb3ccf6d1b34824e8961589a454ad7,452976
VR_Image_dataset_final/C3/Scene012_C3.jpg,Scene012_C3.jpg,C3,1600,800,RGB,127f5248efb8d37d5edc3237a44ccdab8e672867606705358202a36900d42a49,388794
VR_Image_dataset_final/C3/Scene013_C3.jpg,Scene013_C3.jpg,C3,1600,800,RGB,d100b5b6b93ab558cf7fd26648daac4eb434f487e97be9e5c07b4109b9ed5047,318449
VR_Image_dataset_final/C3/Scene014_C3.jpg,Scene014_C3.jpg,C3,1600,800,RGB,d26939bfa1d01928936d1109570ff1cccad316bb73185c83165b18d70795bcec,219155
VR_Image_dataset_final/C3/Scene015_C3.jpg,Scene015_C3.jpg,C3,1600,800,RGB,df1dce81d6b0b4f43568f55a62b440f65c1e3f0b89962a4549b876f126d7c381,408236
VR_Image_dataset_final/C3/Scene016_C3.jpg,Scene016_C3.jpg,C3,1600,800,RGB,0cec7aab29621ef20de7da52f4f054c0395124d1a1338514b9fd1bb2f87eb25a,356976
VR_Image_dataset_final/C3/Scene017_C3.jpg,Scene017_C3.jpg,C3,1600,800,RGB,eb0ffc1715cce5f584eb193028f16bf30dc34aeec159ac01e92bc22f348569b4,204350
VR_Image_dataset_final/C3/Scene018_C3.jpg,Scene018_C3.jpg,C3,1600,800,RGB,38b81f604a1fc656d2c15d0477cba58dd87313e28b3319f16393556b13ef0f70,249954
VR_Image_dataset_final/C3/Scene019_C3.jpg,Scene019_C3.jpg,C3,1600,800,RGB,0dad16429abdd52106015dcec3d87b7a7b8d5501764ae1b132fae1f65e40b9e9,171917
VR_Image_dataset_final/C3/Scene020_C3.jpg,Scene020_C3.jpg,C3,1600,800,RGB,ceaff15842b1967c6acad5d8bcfd260413625b0b36dd1eb4df026e6d27ee4913,157286
VR_Image_dataset_final/C3/Scene021_C3.jpg,Scene021_C3.jpg,C3,1600,800,RGB,fbcda858e6fed230ac94dbfcbaeff1f9b76095021ddaf6645945b26351efe991,250955
VR_Image_dataset_final/C3/Scene022_C3.jpg,Scene022_C3.jpg,C3,1600,800,RGB,ab27be6cd88f808767cb963c0f8eed1dc1f917eb65c81043c89985644c2286c1,337501
VR_Image_dataset_final/C3/Scene023_C3.jpg,Scene023_C3.jpg,C3,1600,800,RGB,2505c1d83ba0ce132bf4ba38f917ac9503fdec2968010ce35e338a07225a7732,316580
VR_Image_dataset_final/C3/Scene024_C3.jpg,Scene024_C3.jpg,C3,1600,800,RGB,e8c351258c83e645751ad9b56b89453e526fe4b79215bf587cce1567e3d2a7ac,251349
VR_Image_dataset_final/C3/Scene025_C3.jpg,Scene025_C3.jpg,C3,1600,800,RGB,4e7879c49a64deeb75301f3f2d9c067c8d555720f57540dd880c02c661addbac,316113
VR_Image_dataset_final/C3/Scene026_C3.jpg,Scene026_C3.jpg,C3,1600,800,RGB,00fdd4af96ddf628b1559f9b04e96b193b0c4c504c090a5b1d47241fe7deff39,383210
VR_Image_dataset_final/C3/Scene027_C3.jpg,Scene027_C3.jpg,C3,1600,800,RGB,35cceda9d9fbe949bdadf6ebb122d12b39643be9f0273360b757e6e0911f1d61,400850
VR_Image_dataset_final/C3/Scene028_C3.jpg,Scene028_C3.jpg,C3,1600,800,RGB,2b5ac1ce4b905ed73f8b8287a598f9d0fc6826c09254bf2b5c46330d2d19e0da,253979
VR_Image_dataset_final/C3/Scene029_C3.jpg,Scene029_C3.jpg,C3,1600,800,RGB,1c1d6aba7e423af9716c5ce5535620a939e52d511d81d33f784fc738e6040159,74230
VR_Image_dataset_final/C3/Scene030_C3.jpg,Scene030_C3.jpg,C3,1600,800,RGB,c08fc37280c44c2ede72bdae5c852bcfe12a74a27a5a62b0a0a5ebedba09b0ee,272374
VR_Image_dataset_final/C3/Scene031_C3.jpg,Scene031_C3.jpg,C3,1600,800,RGB,6c3fb90919ecdfda954b89e111a81aaf2f2fa1dafecf60fcba150f7cbd51956f,294791
VR_Image_dataset_final/C3/Scene032_C3.jpg,Scene032_C3.jpg,C3,1600,800,RGB,fb2916ee976e4f3e141280273b7ef8e9c0840ee07ba50183b516eb306fdb601b,66407
VR_Image_dataset_final/C3/Scene033_C3.jpg,Scene033_C3.jpg,C3,1600,800,RGB,761465e635cf6e7f3705c41e8cf79ed001da12e6fd04bd19f831c27bd91ddbe9,374938
VR_Image_dataset_final/C3/Scene034_C3.jpg,Scene034_C3.jpg,C3,1600,800,RGB,d376fb9922f96a3c9a7f236aa307566448774a788b337ccaa6a0b881d0b16446,142392
VR_Image_dataset_final/C3/Scene035_C3.jpg,Scene035_C3.jpg,C3,1600,800,RGB,f8f97ee4ca667d27463bdae9fe109e24d5a3b7ab553582bf032e8777a972c237,363262
VR_Image_dataset_final/C3/Scene036_C3.jpg,Scene036_C3.jpg,C3,1600,800,RGB,f1b562c75e062cd88165656118f60b5711db8e2949fa13f1800e1123e14d1fb2,402015
VR_Image_dataset_final/C3/Scene037_C3.jpg,Scene037_C3.jpg,C3,1600,800,RGB,fd8ef80fd4d4546e0137f7e4309f23038618ee47c208af1326e45c76a75c034c,276996
VR_Image_dataset_final/C3/Scene038_C3.jpg,Scene038_C3.jpg,C3,1600,800,RGB,0f3fc9adfdb5ed35bfabf7720e4230a7a7de14285d8a90af5f997b48ace4a5ba,188119
VR_Image_dataset_final/C3/Scene039_C3.jpg,Scene039_C3.jpg,C3,1600,800,RGB,4d231a76b90cfd8d6ce1289f69636d1d9c2ea33ffd71884a6da94ff278d0f401,245387
VR_Image_dataset_final/C3/Scene040_C3.jpg,Scene040_C3.jpg,C3,1600,800,RGB,25f7fbc23b4df5fd68b3773ad189d3391c412c187e3f18a7ac5aa6459ed446c0,189327
VR_Image_dataset_final/C3/Scene041_C3.jpg,Scene041_C3.jpg,C3,1600,800,RGB,b7e3f538e8634228a0490641344bc32a7c71ea64e847f34bce81efb145ac44a9,209236
VR_Image_dataset_final/C3/Scene042_C3.jpg,Scene042_C3.jpg,C3,1600,800,RGB,ebcf8acd534c11dc67ff2615efddf2b360b2a3c988c8a5186e9d0d282e14a022,192001
VR_Image_dataset_final/C3/Scene043_C3.jpg,Scene043_C3.jpg,C3,1600,800,RGB,96edd237cf699c8e1d5d89b3ed665a63bf715f2d107d0d653759352cbf0c39e7,195768
VR_Image_dataset_final/C3/Scene044_C3.jpg,Scene044_C3.jpg,C3,1600,800,RGB,de278fc4d80277b1f963f2a933a740fcba25d074ec84c0dda90a2c17e32450a6,180800
VR_Image_dataset_final/C3/Scene045_C3.jpg,Scene045_C3.jpg,C3,1600,800,RGB,153a1c37e6c9ba136972b0f143ed6b0d3ac3a3ee7f7e35ed528f10ef71349347,380284
VR_Image_dataset_final/C3/Scene046_C3.jpg,Scene046_C3.jpg,C3,1600,800,RGB,736a95179f0f1394937d457e65f25cf61430f7b06e13d7ddbf16149996d9aaf9,157063
VR_Image_dataset_final/C3/Scene047_C3.jpg,Scene047_C3.jpg,C3,1600,800,RGB,e99b681fc647187dd23ee7d03a111928fa81dae2431e106362b47e2d13f7e746,228070
VR_Image_dataset_final/C3/Scene048_C3.jpg,Scene048_C3.jpg,C3,1600,800,RGB,5373d588d29b787fd1379c528d0255d3989894a4f5249a0e02a1bd18876564b8,287256
VR_Image_dataset_final/C3/Scene049_C3.jpg,Scene049_C3.jpg,C3,1600,800,RGB,ab25b8df918d279548a793fd7a1fbf7d420a31911a39db2aacc65c61a71f6d27,198446
VR_Image_dataset_final/C3/Scene050_C3.jpg,Scene050_C3.jpg,C3,1600,800,RGB,763aafd3eda1d53957654c97ea61cf082fbf0b04cdf9c4d1377290a38c5d6038,301588
VR_Image_dataset_final/C3/Scene051_C3.jpg,Scene051_C3.jpg,C3,1600,800,RGB,3b511e0d677408396da20528095645f27968aa44a13f38c6873ee6573ef7693e,685320
VR_Image_dataset_final/C3/Scene052_C3.jpg,Scene052_C3.jpg,C3,1600,800,RGB,34ecd0af9c6ffa1efa81b1e0fccb81e2f0924654cbbbb758c62ad2db9dd480a1,422213
VR_Image_dataset_final/C3/Scene053_C3.jpg,Scene053_C3.jpg,C3,1600,800,RGB,6f3468b79c6a626d19ad15d2a040f36273e2209064d072ced3a13e9e57831284,411567
VR_Image_dataset_final/C3/Scene054_C3.jpg,Scene054_C3.jpg,C3,1600,800,RGB,62bfa5414165ed6122e239db05448932938d1701c58ba12822e6e6944ead371e,469401
VR_Image_dataset_final/C3/Scene055_C3.jpg,Scene055_C3.jpg,C3,1600,800,RGB,2c7fea93f09aca24dcef6efa2221197c97213cffee99f73ee4d5106952e280dc,350496
VR_Image_dataset_final/C3/Scene056_C3.jpg,Scene056_C3.jpg,C3,1600,800,RGB,57859f6e0b061cdec52718bc56bfa4bc73cc3456f5a70136321a7c77d665af44,424491
VR_Image_dataset_final/C3/Scene057_C3.jpg,Scene057_C3.jpg,C3,1600,800,RGB,cfe80d1403f1b65eeef8ac6534a492319808825fd69469fc6cbef6c7b7d1ba2e,475030
VR_Image_dataset_final/C3/Scene058_C3.jpg,Scene058_C3.jpg,C3,1600,800,RGB,d74aad492b8adb34bd8b50f8a842531d998d542146761aa1ccae3aa76941a6e3,407835
VR_Image_dataset_final/C3/Scene059_C3.jpg,Scene059_C3.jpg,C3,1600,800,RGB,e0c316749601af15d1a109b8a97e367e1685a3ef9362efb1e75aafeeeaea6911,464818
VR_Image_dataset_final/C3/Scene060_C3.jpg,Scene060_C3.jpg,C3,1600,800,RGB,191a44477726006e71a2a3135c4537ae186284ba650272c624adf51673710487,501597
VR_Image_dataset_final/C3/Scene061_C3.jpg,Scene061_C3.jpg,C3,1600,800,RGB,2b4417ea0c0d1a7e9ef9d626003b426eaaa4c7a7fe2171c7bce3fe67a3cacd92,457572
VR_Image_dataset_final/C3/Scene062_C3.jpg,Scene062_C3.jpg,C3,1600,800,RGB,9d802cf56d357056c5d326b916874aa31525626cd22474b57a5b1a899276287a,413186
VR_Image_dataset_final/C3/Scene063_C3.jpg,Scene063_C3.jpg,C3,1600,800,RGB,10555104588a2b3ebfc15fcc8e8af71529268056e4238f6be28a15c02248d747,657897
VR_Image_dataset_final/C3/Scene064_C3.jpg,Scene064_C3.jpg,C3,1600,800,RGB,0113f164b35d67c5d872836bd461b5565022127d4bfb61fe448fce444cf4faa1,517349
VR_Image_dataset_final/C3/Scene065_C3.jpg,Scene065_C3.jpg,C3,1600,800,RGB,8777ab7a05b742c3370e5371cc4a5af6d515c6dbba483582dd0068ba630c2819,468123
VR_Image_dataset_final/C3/Scene066_C3.jpg,Scene066_C3.jpg,C3,1600,800,RGB,d1c632f09697f3abd28a26e6763a063a4a9cff90eae80348a94952b1edc6a8d4,336674
VR_Image_dataset_final/C3/Scene067_C3.jpg,Scene067_C3.jpg,C3,1600,800,RGB,0d2c9fcc191574535e28402cc11c163d4d4f0357b8a98aa4edc034c7a1dfdad8,385088
VR_Image_dataset_final/C3/Scene068_C3.jpg,Scene068_C3.jpg,C3,1600,800,RGB,f39425362067d0ea6a2654c855f65eda76b6eb9ebcad06982f6e703700463888,286284
VR_Image_dataset_final/C3/Scene069_C3.jpg,Scene069_C3.jpg,C3,1600,800,RGB,3a3e12984d8a99392073711fb3f81adb9eb783ed3f2a3f2ae07d7d9e55ec7fbf,323893
VR_Image_dataset_final/C3/Scene070_C3.jpg,Scene070_C3.jpg,C3,1600,800,RGB,407306d25fbee80c023dfab602967b67fa6f110d95800caf5d00336cddac28e8,388054
VR_Image_dataset_final/C3/Scene071_C3.jpg,Scene071_C3.jpg,C3,1600,800,RGB,d2fbd22b6c0900f6a8de2cae13f911509e3a2659374babad94f2c4469346ce54,431414
VR_Image_dataset_final/C3/Scene072_C3.jpg,Scene072_C3.jpg,C3,1600,800,RGB,d23d8b066dd3f843a9b19fddb682795e733aa891be22cc5a9d79d872e868dfa0,349169
VR_Image_dataset_final/C3/Scene073_C3.jpg,Scene073_C3.jpg,C3,1600,800,RGB,affb622d7edf4afc1c6aa0a261ec154d1d26baba7eb9968f4f3c9e3b0e6252f6,507192
VR_Image_dataset_final/C3/Scene074_C3.jpg,Scene074_C3.jpg,C3,1600,800,RGB,3edd995f26c16bed3c64e38a87f415204f724bf7a7bee3b996481678271a7fb5,469988
VR_Image_dataset_final/C3/Scene075_C3.jpg,Scene075_C3.jpg,C3,1600,800,RGB,30c4e0d5b05f735f1c50c62a0cd230443cce386b7f977cc8e59f46c591417cba,621918
VR_Image_dataset_final/C3/Scene076_C3.jpg,Scene076_C3.jpg,C3,1600,800,RGB,df77a77b2965f82a1233807e0d501a5e4fe0215cf135964956055cceef22e0a6,329191
VR_Image_dataset_final/C3/Scene077_C3.jpg,Scene077_C3.jpg,C3,1600,800,RGB,b5bca2876b27bf75f55bfaa04f2b614b3a7bb3126ccb76464da7bb0829bb17af,540629
VR_Image_dataset_final/C3/Scene078_C3.jpg,Scene078_C3.jpg,C3,1600,800,RGB,f4114ad9de1586021fb2155abfa250df6a652be895b0aea23302345ebd1c2fc2,431372
VR_Image_dataset_final/C3/Scene079_C3.jpg,Scene079_C3.jpg,C3,1600,800,RGB,789ffb7ab2227ac53fa775ac0711815fb15d4fd6023b7f7c2dc3cd79a1689fb4,358448
VR_Image_dataset_final/C3/Scene080_C3.jpg,Scene080_C3.jpg,C3,1600,800,RGB,a697ea83dbe497dabc0c143ceeda6fe88c951e89d725d836e42ca66b7627955e,535267
VR_Image_dataset_final/C3/Scene081_C3.jpg,Scene081_C3.jpg,C3,1600,800,RGB,a485c6c430b9454ba72d2469d6d8dc1da8b8fe410c6e5536cee7963780da1889,461961
VR_Image_dataset_final/C3/Scene082_C3.jpg,Scene082_C3.jpg,C3,1600,800,RGB,9343cc32696a39e33284b7760baa983f2701f0c302c2f74c1444dc95acf73365,359491
VR_Image_dataset_final/C3/Scene083_C3.jpg,Scene083_C3.jpg,C3,1600,800,RGB,2960ffdc2094a28f06843f9c29374e31fe46d4fa737c98e48e64d350f3c7dff2,399771
VR_Image_dataset_final/C3/Scene084_C3.jpg,Scene084_C3.jpg,C3,1600,800,RGB,426330c32fcf42308c6df4e25698a1c5e3cbe650b163cb71200cef8107d8ecaf,407700
VR_Image_dataset_final/C3/Scene085_C3.jpg,Scene085_C3.jpg,C3,1600,800,RGB,589d1591594ba079486800ae67ee176a4182dbf1bb84ea97fb030fa303d3aa24,389724
VR_Image_dataset_final/C3/Scene086_C3.jpg,Scene086_C3.jpg,C3,1600,800,RGB,3bbe532cd4ddd29637874a3076d89ff1379f1523bd8f082ea39b5bd5b81bd366,367666
VR_Image_dataset_final/C3/Scene087_C3.jpg,Scene087_C3.jpg,C3,1600,800,RGB,4d091500afd65257cb9b785580b84b4f5e20eaf7f02c8521cb68c2ab2611eda0,646141
VR_Image_dataset_final/C3/Scene088_C3.jpg,Scene088_C3.jpg,C3,1600,800,RGB,4ef0dfe5c599469272cf304532fc720406b1fbb641f030eafa59c0fae62108fe,258737
VR_Image_dataset_final/C3/Scene089_C3.jpg,Scene089_C3.jpg,C3,1600,800,RGB,297d25cda4d24a719570469c00ab9dc6df920a9932200704e55975071f24425c,321913
VR_Image_dataset_final/C3/Scene090_C3.jpg,Scene090_C3.jpg,C3,1600,800,RGB,dd3fdfdec80a2b33bd2b5fdd2771077b08ac71a01e9c85088ac583e88ca5bd9f,341827
VR_Image_dataset_final/C3/Scene091_C3.jpg,Scene091_C3.jpg,C3,1600,800,RGB,7d8a5218a575f9580cc1e8d1f4b077ef21f03947f366dc3b39e9f631de6ed1cf,314506
VR_Image_dataset_final/C3/Scene092_C3.jpg,Scene092_C3.jpg,C3,1600,800,RGB,4363eed78b38779793012c574f3c5bc9986bda7d72744204f12f6443159b5d51,288037
VR_Image_dataset_final/C3/Scene093_C3.jpg,Scene093_C3.jpg,C3,1600,800,RGB,9c4cf9e80dd1d52f2af6f85000bfab3185410f0a31b80857a32710e114cedcac,336264
VR_Image_dataset_final/C3/Scene094_C3.jpg,Scene094_C3.jpg,C3,1600,800,RGB,bdd6b0ae273c3464e41cf6e0ab9deaffbcf544ab1c18864a806d9a5f28cc973b,394533
VR_Image_dataset_final/C3/Scene095_C3.jpg,Scene095_C3.jpg,C3,1600,800,RGB,6564b0961ed1aa4c6d19702c1f117a8d84a526723465add578f3ad34a38ead2e,345519
VR_Image_dataset_final/C3/Scene096_C3.jpg,Scene096_C3.jpg,C3,1600,800,RGB,0d8b1dab7dfbb2347ff0981e699ba5cc9658eaeba476258b34f90976c813cf04,108570
VR_Image_dataset_final/C3/Scene097_C3.jpg,Scene097_C3.jpg,C3,1600,800,RGB,054086bbf4fa923dfb10b4061c1c438fda2d818fa1e361f0c6e26dd4f3c84edb,105913
VR_Image_dataset_final/C3/Scene098_C3.jpg,Scene098_C3.jpg,C3,1600,800,RGB,a22a478a51a6dd54f5bad4981c98f88561ded939dd3c2d3609e91208fa737557,184292
VR_Image_dataset_final/C3/Scene099_C3.jpg,Scene099_C3.jpg,C3,1600,800,RGB,3d8c454d9fc9ab9293c5c7573dcda6a8f760b498f5a167ed5b48885f89ddae7c,317521
VR_Image_dataset_final/C3/Scene100_C3.jpg,Scene100_C3.jpg,C3,1600,800,RGB,32ba388c31e18e7df6404f919e273622deea6cf0f0627e955892a4b36824b8a3,300649
VR_Image_dataset_final/C4/Scene001_C4.jpg,Scene001_C4.jpg,C4,1600,800,RGB,c5de018e1ef0f9debb46e3cbf54a7f18b4eade8ac25aef51d53bdc8c991749b4,86230
VR_Image_dataset_final/C4/Scene002_C4.jpg,Scene002_C4.jpg,C4,1600,800,RGB,b476c0465bbe0adc60864211d4df0f0ffd99e5a08302f48006b427bad6bec556,277817
VR_Image_dataset_final/C4/Scene003_C4.jpg,Scene003_C4.jpg,C4,1600,800,RGB,dd83e3ff53ac17c26fd068fc3dd79b5373f46931606cc42733099f8ea198ccf9,107714
VR_Image_dataset_final/C4/Scene004_C4.jpg,Scene004_C4.jpg,C4,1600,800,RGB,8cf35f99fcb47290dc696e443e3cbed439bd4dcef9fba71fc1c41384642fbd14,80276
VR_Image_dataset_final/C4/Scene005_C4.jpg,Scene005_C4.jpg,C4,1600,800,RGB,f1fb41f0a54d7ea5fea359727100ea57d90f80f96d70e24802bb99ea938cd2d4,118913
VR_Image_dataset_final/C4/Scene006_C4.jpg,Scene006_C4.jpg,C4,1600,800,RGB,2db7f2d1a04d684870deed387ddbf92b5302841186ef2c1380ff0a8dfc30dbc4,276907
VR_Image_dataset_final/C4/Scene007_C4.jpg,Scene007_C4.jpg,C4,1600,800,RGB,31cd032bb0eea4303d3a3ad7e22d395ce8b9a812317093c7168248e2cb8c24a0,260748
VR_Image_dataset_final/C4/Scene008_C4.jpg,Scene008_C4.jpg,C4,1600,800,RGB,f04050b1b76501b8fbc8bdf4fa1ab00ea764f96288d931d102fdb56a7662450f,223692
VR_Image_dataset_final/C4/Scene009_C4.jpg,Scene009_C4.jpg,C4,1600,800,RGB,3aa3f7c5e4acec4ea655cd30cafc61a5d1dfaf5365a90fd44d34fbc98ef40a8b,351711
VR_Image_dataset_final/C4/Scene010_C4.jpg,Scene010_C4.jpg,C4,1600,800,RGB,ba2cd72fca43945905cd7f62a60513669ab76b8e8c8e0b22043f97205cfbff3a,438092
VR_Image_dataset_final/C4/Scene011_C4.jpg,Scene011_C4.jpg,C4,1600,800,RGB,66c361ef69fe50be66666027b485ba70c319fea9b10cf8769f50209e3f494b18,452657
VR_Image_dataset_final/C4/Scene012_C4.jpg,Scene012_C4.jpg,C4,1600,800,RGB,ed0ac08bd891773e4f33e9de11d8e1b8b6f639bf4728347bdb85127f1b29576d,412180
VR_Image_dataset_final/C4/Scene013_C4.jpg,Scene013_C4.jpg,C4,1600,800,RGB,bdc9b518932fb1bb5a956204535f998c68f4e006acbe5a505a50c85f23c37ef7,335565
VR_Image_dataset_final/C4/Scene014_C4.jpg,Scene014_C4.jpg,C4,1600,800,RGB,3d8bd5dea54cdc2151976edf31357a210ee5d1a8c2c3737a1ade41804e3bada5,227189
VR_Image_dataset_final/C4/Scene015_C4.jpg,Scene015_C4.jpg,C4,1600,800,RGB,2d6a220e5c05413629cfab9d4fa870bf20bec1ad2b36363b31f35ec099dd8275,414898
VR_Image_dataset_final/C4/Scene016_C4.jpg,Scene016_C4.jpg,C4,1600,800,RGB,73e8f35f7ba89933ce7cfd901e2145cb4ab285e2ca4f884ee72cb527877af7bf,364431
VR_Image_dataset_final/C4/Scene017_C4.jpg,Scene017_C4.jpg,C4,1600,800,RGB,08e6b8cd881ec4d60ba334fd3e7b35427ee98a4597e508b674c6e5dad48709ca,214308
VR_Image_dataset_final/C4/Scene018_C4.jpg,Scene018_C4.jpg,C4,1600,800,RGB,85416a76c5749872b4375eca0a27cde579809d0bff645a3203af81ece5221998,255333
VR_Image_dataset_final/C4/Scene019_C4.jpg,Scene019_C4.jpg,C4,1600,800,RGB,79312aee3043575a998aadd5b21feba05b8dafdec8a51bd7e31c118020ccf919,164034
VR_Image_dataset_final/C4/Scene020_C4.jpg,Scene020_C4.jpg,C4,1600,800,RGB,251faad322d3947b517f557c331b9a2ae66f80faf76c9daf7e4074f3ac72e3cf,151096
VR_Image_dataset_final/C4/Scene021_C4.jpg,Scene021_C4.jpg,C4,1600,800,RGB,32843add0a66671b16395fd9cf2a95422375e45c90a4b83c92f70afff3165637,227417
VR_Image_dataset_final/C4/Scene022_C4.jpg,Scene022_C4.jpg,C4,1600,800,RGB,77ce12b25e4524f17bb3091b3f1879e4b89f186f9ea078d8c8aaf8523351cc56,345140
VR_Image_dataset_final/C4/Scene023_C4.jpg,Scene023_C4.jpg,C4,1600,800,RGB,771246a59c8009874c93ab5102a165b48bdba1678d13af9971efd11e4866d567,328117
VR_Image_dataset_final/C4/Scene024_C4.jpg,Scene024_C4.jpg,C4,1600,800,RGB,a92e9974dd8c4b22fbbc43aa1292ae53214b8d35b7ed58f8d1e7f2ce3fd60976,262996
VR_Image_dataset_final/C4/Scene025_C4.jpg,Scene025_C4.jpg,C4,1600,800,RGB,3b2a896854278fe715407c27594759c33fb733f2f5642ae37081a8ed53f0b8c4,324913
VR_Image_dataset_final/C4/Scene026_C4.jpg,Scene026_C4.jpg,C4,1600,800,RGB,6a1ce709b1dcba738a5b70db74bbb98c32806995df633c4f3b906b8dcf62fe25,401528
VR_Image_dataset_final/C4/Scene027_C4.jpg,Scene027_C4.jpg,C4,1600,800,RGB,1f2fa1b4c164799a3de5fe1b482cc6ecb3271884a9bec3a7aab0fc783185a1c4,419439
VR_Image_dataset_final/C4/Scene028_C4.jpg,Scene028_C4.jpg,C4,1600,800,RGB,e4170cba1474b07d03a50a1e066ab4c3cadd8925cf4d45e816aa575559954bc0,269518
VR_Image_dataset_final/C4/Scene029_C4.jpg,Scene029_C4.jpg,C4,1600,800,RGB,688599fb33ce258295b389c15e926fe86485f99fc2892d7973db51d0f807435c,81335
VR_Image_dataset_final/C4/Scene030_C4.jpg,Scene030_C4.jpg,C4,1600,800,RGB,4377c5dff05a91eadcfb1782001378738286a3afa126ceb1fde3e52a01d628dd,293543
VR_Image_dataset_final/C4/Scene031_C4.jpg,Scene031_C4.jpg,C4,1600,800,RGB,496cc333eb14a7717d00068c41f89eaf00582bad0846e1a1d9090c3385eb0302,295480
VR_Image_dataset_final/C4/Scene032_C4.jpg,Scene032_C4.jpg,C4,1600,800,RGB,97770bbad0fc085ff416c08a5af4bed282a59e0d9195edf46948a943908f1fc2,71805
VR_Image_dataset_final/C4/Scene033_C4.jpg,Scene033_C4.jpg,C4,1600,800,RGB,5e02d3d56d3b1ebb08c4782cc09cf3276d14cbcbf997d267c44c354e44e09396,406873
VR_Image_dataset_final/C4/Scene034_C4.jpg,Scene034_C4.jpg,C4,1600,800,RGB,dd7b3ee1f9a268c6890350e6abea173e5b0e36d64709e45e5a7a48ef15a310e6,154372
VR_Image_dataset_final/C4/Scene035_C4.jpg,Scene035_C4.jpg,C4,1600,800,RGB,ff5c228c721180a45886fefc7cc158a4b2b8179bf1d7f5f4e1467ddc92e11a2d,379388
VR_Image_dataset_final/C4/Scene036_C4.jpg,Scene036_C4.jpg,C4,1600,800,RGB,9fd47d5c0bed5f8d511293409c60d1bf5b46e59f003918b181a933526e27c536,427437
VR_Image_dataset_final/C4/Scene037_C4.jpg,Scene037_C4.jpg,C4,1600,800,RGB,6aeb1747c9b45a83133efa7f8b7141d23c0874deac09db0607d756c35bb9fd61,291230
VR_Image_dataset_final/C4/Scene038_C4.jpg,Scene038_C4.jpg,C4,1600,800,RGB,b20ae454f819a2226b9f9a9894e4b073a30b522f1405a8acdc5871bf479ca62c,202122
VR_Image_dataset_final/C4/Scene039_C4.jpg,Scene039_C4.jpg,C4,1600,800,RGB,60e33186987c5911686a12d6f53e7d54213918798df50064eff3af8571374f4c,262817
VR_Image_dataset_final/C4/Scene040_C4.jpg,Scene040_C4.jpg,C4,1600,800,RGB,5b08526eec0992b0f5718ab3f8e5f72ae845f63324a8848a2f767c8607206305,201237
VR_Image_dataset_final/C4/Scene041_C4.jpg,Scene041_C4.jpg,C4,1600,800,RGB,0fbcae3b4cbfb0a4d1b5572413931f867ac88f3a55a168fec8e5bfe47aee8320,221050
VR_Image_dataset_final/C4/Scene042_C4.jpg,Scene042_C4.jpg,C4,1600,800,RGB,9c2d0e77a677247180831348e94c532108aa64b049c1c349092f2615671fbf24,206132
VR_Image_dataset_final/C4/Scene043_C4.jpg,Scene043_C4.jpg,C4,1600,800,RGB,66073e089b65b5d911a280e3020ea419a7843dde4ec970e2843915578003512f,204036
VR_Image_dataset_final/C4/Scene044_C4.jpg,Scene044_C4.jpg,C4,1600,800,RGB,3fe0e6aa6b176ad58c4586ac49b8374183fbcb8d80c9f78a90fe9ec54f180b3f,194042
VR_Image_dataset_final/C4/Scene045_C4.jpg,Scene045_C4.jpg,C4,1600,800,RGB,d8b6fe577c0a9f2b2b589befdec92af447c29b88666ba0465e2ae9bbd979f8f1,393141
VR_Image_dataset_final/C4/Scene046_C4.jpg,Scene046_C4.jpg,C4,1600,800,RGB,04fe22964e25be35ef756817c862abacf1cffa2d5f20bffe5b7c3831daebb621,170573
VR_Image_dataset_final/C4/Scene047_C4.jpg,Scene047_C4.jpg,C4,1600,800,RGB,11421430aacb5dc6beed89b14daa2576e2f1c4840e82638ac4622e4f2982e15f,245650
VR_Image_dataset_final/C4/Scene048_C4.jpg,Scene048_C4.jpg,C4,1600,800,RGB,ca0d17aae70a98fdc6b3d35a80730fcb62b3d013389fb0378233ba475501e338,307654
VR_Image_dataset_final/C4/Scene049_C4.jpg,Scene049_C4.jpg,C4,1600,800,RGB,2d6d957befb03c3a1e20b2137645a0780ac5b20afe5498aeee176f58e9fee4a9,197040
VR_Image_dataset_final/C4/Scene050_C4.jpg,Scene050_C4.jpg,C4,1600,800,RGB,0a68d3e179dba3e76bd077134e7a192ca218847f66ebbbf35fdf2a1d06e34e06,323112
VR_Image_dataset_final/C4/Scene051_C4.jpg,Scene051_C4.jpg,C4,1600,800,RGB,8ad92c5063f572f2749dcb6c56f8264bf53e8c0ba7d9a7fc230df5dedf2e0d19,677497
VR_Image_dataset_final/C4/Scene052_C4.jpg,Scene052_C4.jpg,C4,1600,800,RGB,dc6c5a39e567baaf7a489b4510f92e7ee2530b7e1ed03d7883db6688aa6c3e12,415806
VR_Image_dataset_final/C4/Scene053_C4.jpg,Scene053_C4.jpg,C4,1600,800,RGB,4d5bbf282e3bea362301872d8f35bb4dad2e0b5a096c69235b7aebb8d26ad8e4,408349
VR_Image_dataset_final/C4/Scene054_C4.jpg,Scene054_C4.jpg,C4,1600,800,RGB,412784589554409eec9aa85a65525d1a2ef97fee23b06c09238c7920ae8767d1,467963
VR_Image_dataset_final/C4/Scene055_C4.jpg,Scene055_C4.jpg,C4,1600,800,RGB,b64c116a90f7bee8c10d06ed3d63e9e115695b0c6da9b557c2f0ed3ad8b97115,347555
VR_Image_dataset_final/C4/Scene056_C4.jpg,Scene056_C4.jpg,C4,1600,800,RGB,a829cb4781cf98e94bd8315e19a3da8378357f8d10c77b6da7f11c722f74620c,424319
VR_Image_dataset_final/C4/Scene057_C4.jpg,Scene057_C4.jpg,C4,1600,800,RGB,b6d2c49f1e4cc7d131cb12df7fbdf091dc3eee47c6dba6177dfbca73c1dc72a5,468028
VR_Image_dataset_final/C4/Scene058_C4.jpg,Scene058_C4.jpg,C4,1600,800,RGB,62126b364acf9dbf1d31020da470dd23b745552f12f970e78fe18a7a90fe08b0,401932
VR_Image_dataset_final/C4/Scene059_C4.jpg,Scene059_C4.jpg,C4,1600,800,RGB,8dbffcaf65e3996c75995c3da18ea463154554ac6e4c66eb9e56dfbce4e971aa,463274
VR_Image_dataset_final/C4/Scene060_C4.jpg,Scene060_C4.jpg,C4,1600,800,RGB,51290a65b1872e8e3dff3509d00fb4c217dfd314f664f58f75358519d6a10afa,503464
VR_Image_dataset_final/C4/Scene061_C4.jpg,Scene061_C4.jpg,C4,1600,800,RGB,50383bfbd2f0ec571594cf150e2ca8925478a50a4e2e9997e48ae107a1b011cb,453439
VR_Image_dataset_final/C4/Scene062_C4.jpg,Scene062_C4.jpg,C4,1600,800,RGB,8f157c223574bdabd705bb1af1ae6edc6234d2f97785fd86ce3e9ad465451f60,405344
VR_Image_dataset_final/C4/Scene063_C4.jpg,Scene063_C4.jpg,C4,1600,800,RGB,7e66484125a5fc039187226867486630366b787abe20f628ba7f7e5cfbecc107,648783
VR_Image_dataset_final/C4/Scene064_C4.jpg,Scene064_C4.jpg,C4,1600,800,RGB,62b6b2c40465834bc72a0180214e1635b90138b784ac0da9135d65dc9ab153b0,511510
VR_Image_dataset_final/C4/Scene065_C4.jpg,Scene065_C4.jpg,C4,1600,800,RGB,948a7f2545c0fc3b207cf2a498f7a89e5b0f430f39b0bd88b604d8c39c122b9c,464455
VR_Image_dataset_final/C4/Scene066_C4.jpg,Scene066_C4.jpg,C4,1600,800,RGB,e80942352de8116da0282239064048a979b6542d7daeb9ecf3f215cdca65a503,329708
VR_Image_dataset_final/C4/Scene067_C4.jpg,Scene067_C4.jpg,C4,1600,800,RGB,09bf3d71eed1dddaeb15a97e75fdb649ee3d1abe9799641bbd8cb0db928bafdf,382423
VR_Image_dataset_final/C4/Scene068_C4.jpg,Scene068_C4.jpg,C4,1600,800,RGB,5aa2aabe9e5bd27789c29af50d54b2601a32ac8c9b8a81663e035ff7d2472069,279939
VR_Image_dataset_final/C4/Scene069_C4.jpg,Scene069_C4.jpg,C4,1600,800,RGB,d6901f0b36d25a180c672c321a07b0e83ef5a04625dcfb4339087d0cf4c84c96,319742
VR_Image_dataset_final/C4/Scene070_C4.jpg,Scene070_C4.jpg,C4,1600,800,RGB,19fc8af0af390597ff5915512dcfe637b685afb30aa4d01ddc034b7a41513e81,387093
VR_Image_dataset_final/C4/Scene071_C4.jpg,Scene071_C4.jpg,C4,1600,800,RGB,5d5382483a9b872d49aa16f78dd7d91d4aedb3ee3332894809f63647207ff562,431713
VR_Image_dataset_final/C4/Scene072_C4.jpg,Scene072_C4.jpg,C4,1600,800,RGB,ac386164563708bf18e93948710e6a817d25adf8177ca0085501284ab6011ede,344595
VR_Image_dataset_final/C4/Scene073_C4.jpg,Scene073_C4.jpg,C4,1600,800,RGB,a6f9123354b314e061b90f697884b08c7020379306cd7eafba919728c7ea9333,505129
VR_Image_dataset_final/C4/Scene074_C4.jpg,Scene074_C4.jpg,C4,1600,800,RGB,a238daa338c32ce4fb87b3148aa649b97ecd1d438f5365e0d7e4ea3842631673,470325
VR_Image_dataset_final/C4/Scene075_C4.jpg,Scene075_C4.jpg,C4,1600,800,RGB,90c2bfbf686e2757a8e99884840b32c05f3ac6c6c978dec8d61b8a8eafe87436,617203
VR_Image_dataset_final/C4/Scene076_C4.jpg,Scene076_C4.jpg,C4,1600,800,RGB,51389c74d12ed78303b7c680f278155764e983b1d1e6c9c3391374b93a1b8806,324369
VR_Image_dataset_final/C4/Scene077_C4.jpg,Scene077_C4.jpg,C4,1600,800,RGB,0783f8ccc507a361fb99e64e2814a59872e67be3467684823d9aaa9f5a88c127,531894
VR_Image_dataset_final/C4/Scene078_C4.jpg,Scene078_C4.jpg,C4,1600,800,RGB,58b1832e9a8df8b056695a7648cfa8b645536435b6391e835e71af1c6a641cf7,426865
VR_Image_dataset_final/C4/Scene079_C4.jpg,Scene079_C4.jpg,C4,1600,800,RGB,83ebb7683cdd181057ad8b321e0cc1f25270814a73f8fd55924900988badbfa2,356156
VR_Image_dataset_final/C4/Scene080_C4.jpg,Scene080_C4.jpg,C4,1600,800,RGB,b671a8b32255cf6e47239b85afb97b7ad4c162d29fc717dd39f18ee684e777cf,527972
VR_Image_dataset_final/C4/Scene081_C4.jpg,Scene081_C4.jpg,C4,1600,800,RGB,9dfb5f96ff0db5282eec18d62ab431f7553517a123cbd362266adeb5d4ef6c27,463071
VR_Image_dataset_final/C4/Scene082_C4.jpg,Scene082_C4.jpg,C4,1600,800,RGB,c2021b829b2ec399db042ed24b20f95f36126909ae005205c6eacda2d7d86fa8,354154
VR_Image_dataset_final/C4/Scene083_C4.jpg,Scene083_C4.jpg,C4,1600,800,RGB,8c55704c4d5eb5befe17edc733303d56929b5c66ae1fa21f87c7e2cd7b1d72fd,394249
VR_Image_dataset_final/C4/Scene084_C4.jpg,Scene084_C4.jpg,C4,1600,800,RGB,6e9d5e54c30576a52f7bf177f3dc2288f1680f9d4460f44fae38dfde44ac1481,402074
VR_Image_dataset_final/C4/Scene085_C4.jpg,Scene085_C4.jpg,C4,1600,800,RGB,98ef7f9567114a963573a1ed3d07e0d6e39af671370f4690fef3721a54ea443a,383245
VR_Image_dataset_final/C4/Scene086_C4.jpg,Scene086_C4.jpg,C4,1600,800,RGB,b2a1c69d8916a86fb807b9d3c473975101f29e104bbccd2d676275c74b7447a3,358802
VR_Image_dataset_final/C4/Scene087_C4.jpg,Scene087_C4.jpg,C4,1600,800,RGB,ab3c2a013f04e05dcdad15b547520b2565878ef43e078db51610e857b1a69996,636337
VR_Image_dataset_final/C4/Scene088_C4.jpg,Scene088_C4.jpg,C4,1600,800,RGB,4b4e0b10022b727f493574903e656473f1e39cce642c9f11897b920a2b4c8c53,254387
VR_Image_dataset_final/C4/Scene089_C4.jpg,Scene089_C4.jpg,C4,1600,800,RGB,54f92eb932977ecf09964e4b5b6c94ac879560ae649b6df55a045c0e2c1fa52f,317351
VR_Image_dataset_final/C4/Scene090_C4.jpg,Scene090_C4.jpg,C4,1600,800,RGB,4f98a6c0ad01135ef91cfda30ef16ef1195fc26c63039bbc0abaf9f728f05a9b,335144
VR_Image_dataset_final/C4/Scene091_C4.jpg,Scene091_C4.jpg,C4,1600,800,RGB,3dc9f1c051425b2036d2657cfcd8ad7f5956f9927eafc8663fa90e4e4b099446,311826
VR_Image_dataset_final/C4/Scene092_C4.jpg,Scene092_C4.jpg,C4,1600,800,RGB,ab6c322d302d185dec5a90977a4c435e165f06c204fbfa1471aa5f64e5ef0ce5,284680
VR_Image_dataset_final/C4/Scene093_C4.jpg,Scene093_C4.jpg,C4,1600,800,RGB,aa601e684804323f27a0a16a6914d0fc5deb971df4881c1154a8f201468bf903,330526
VR_Image_dataset_final/C4/Scene094_C4.jpg,Scene094_C4.jpg,C4,1600,800,RGB,533f42835cb0514535bccab909ae9643cfbff1490e11dc1cb06dac8744288096,387541
VR_Image_dataset_final/C4/Scene095_C4.jpg,Scene095_C4.jpg,C4,1600,800,RGB,11b5b7a7955962babc215b17979f543ed98345b99f226fcf6313d15f37ddb9ba,339079
VR_Image_dataset_final/C4/Scene096_C4.jpg,Scene096_C4.jpg,C4,1600,800,RGB,ff1f5e6bbec80ff8e133a4f978a04f57696b997345266101be10d7e5d7a0619a,109523
VR_Image_dataset_final/C4/Scene097_C4.jpg,Scene097_C4.jpg,C4,1600,800,RGB,5e48dbff3eb31ffc46b8c7f1ec96c16a5af3f35380807f3b369fceefadb2844d,107189
VR_Image_dataset_final/C4/Scene098_C4.jpg,Scene098_C4.jpg,C4,1600,800,RGB,086e0e9d7e0fa2e7e0cf6cdca0de7e37e0c4b4e0fb5ee5e32ec0a2ade657aeb0,186986
VR_Image_dataset_final/C4/Scene099_C4.jpg,Scene099_C4.jpg,C4,1600,800,RGB,80d965fbe63d746b0eab21dec6b1d6815a245b6187196f70ca6a05d40b90cff8,313124
VR_Image_dataset_final/C4/Scene100_C4.jpg,Scene100_C4.jpg,C4,1600,800,RGB,a386f7b1d061d7afcf25e321027d97095983251caec1ce502b0c96e365efb5c4,295737
VR_Image_dataset_final/C5/Scene001_C5.jpg,Scene001_C5.jpg,C5,1600,800,RGB,49b61d2329f1d389cb6da6fd3b8ff751abb5eabbdefb280199946db8c3783fd1,77141
VR_Image_dataset_final/C5/Scene002_C5.jpg,Scene002_C5.jpg,C5,1600,800,RGB,62b1f600e36394fe25cc2e0bc0568140a02c74abeed18253687f29678c04710a,215793
VR_Image_dataset_final/C5/Scene003_C5.jpg,Scene003_C5.jpg,C5,1600,800,RGB,7d7a3d03a229beffd886c118e61e31c3259a25c2560441e8075d45f44e9d1074,94456
VR_Image_dataset_final/C5/Scene004_C5.jpg,Scene004_C5.jpg,C5,1600,800,RGB,ef94b46ec9c51055508ed39f05d8f7f662ad501f3cdbc131bec292473c88d7e1,62113
VR_Image_dataset_final/C5/Scene005_C5.jpg,Scene005_C5.jpg,C5,1600,800,RGB,2d6fb1b21bbce2be9a9bd79be857ab8358649efee097512a9b2370c776afd91d,95749
VR_Image_dataset_final/C5/Scene006_C5.jpg,Scene006_C5.jpg,C5,1600,800,RGB,1f32cde05b8d01b9708c96e3ff59a77024566bd53aa57b4508e9061148154ff5,227256
VR_Image_dataset_final/C5/Scene007_C5.jpg,Scene007_C5.jpg,C5,1600,800,RGB,9c39584b81fdc4e97c136b400ee75ca6ffbbea1a6a2604be6989845871d789a4,213119
VR_Image_dataset_final/C5/Scene008_C5.jpg,Scene008_C5.jpg,C5,1600,800,RGB,40ded5cf772203458f8750197fe64d4ac13fc19addc749ecf7e48f953ef399d6,185154
VR_Image_dataset_final/C5/Scene009_C5.jpg,Scene009_C5.jpg,C5,1600,800,RGB,b0e59f4e59512ffd9171f266336bfdcbfdb4b90f1ad19440434fea20029ea431,275896
VR_Image_dataset_final/C5/Scene010_C5.jpg,Scene010_C5.jpg,C5,1600,800,RGB,be1bc956737515c1825acd4fb407029d05fe97639662efbf45bf132c762e638e,345079
VR_Image_dataset_final/C5/Scene011_C5.jpg,Scene011_C5.jpg,C5,1600,800,RGB,0d181daaf5c093d0b39e2bd2ea67f87803321cc59c7f53f71c310ebad10406cb,351300
VR_Image_dataset_final/C5/Scene012_C5.jpg,Scene012_C5.jpg,C5,1600,800,RGB,0b6d86e295d8b2fa182fbc7b9bdb596ec5b6984eee08c1fc7559eae4cab6d3c8,325027
VR_Image_dataset_final/C5/Scene013_C5.jpg,Scene013_C5.jpg,C5,1600,800,RGB,0c69daa92466af74fd82915e2c567441569b5c598ef004aa1dd15c3515c28a53,267295
VR_Image_dataset_final/C5/Scene014_C5.jpg,Scene014_C5.jpg,C5,1600,800,RGB,1476aa06b0afb9849e7a6ba7d9e5aadaf1721bccbc029f348b63bfa89b28790c,191799
VR_Image_dataset_final/C5/Scene015_C5.jpg,Scene015_C5.jpg,C5,1600,800,RGB,6c183651b6ce4f7c210ec81a58a362b455ea214cf95cf3b1e42a69ae6cc83fae,328415
VR_Image_dataset_final/C5/Scene016_C5.jpg,Scene016_C5.jpg,C5,1600,800,RGB,92ff65f42b2b1fdd2dba81256b54acc3378ad453bc0c0287980165fa5a5c6ff6,286119
VR_Image_dataset_final/C5/Scene017_C5.jpg,Scene017_C5.jpg,C5,1600,800,RGB,5e25eeae29f69b4b07eb5047e8b0f569094861a20cb4a0e00c268c382aa77b49,178221
VR_Image_dataset_final/C5/Scene018_C5.jpg,Scene018_C5.jpg,C5,1600,800,RGB,9aacedee43ec94765beacebddd43aeb063dae6a55e0b32417324a3b83bb2559e,206206
VR_Image_dataset_final/C5/Scene019_C5.jpg,Scene019_C5.jpg,C5,1600,800,RGB,de1813a3073e43a5069964e8cb2e686a159c7fd7c09127006055b020bbfc5758,134554
VR_Image_dataset_final/C5/Scene020_C5.jpg,Scene020_C5.jpg,C5,1600,800,RGB,88a7604c2e54a7a8d295068fb17700a867c21674128387b4d6b1eca8838c413a,123346
VR_Image_dataset_final/C5/Scene021_C5.jpg,Scene021_C5.jpg,C5,1600,800,RGB,79ce78a49d439884ebc1fd62d0a24842f5d48d12c26857f396a4f7a6bf321d8d,182836
VR_Image_dataset_final/C5/Scene022_C5.jpg,Scene022_C5.jpg,C5,1600,800,RGB,a4d88fdac5841fbdba90585e5b82529c8d08d27d8d728e3eb8ba219b42757e7e,271322
VR_Image_dataset_final/C5/Scene023_C5.jpg,Scene023_C5.jpg,C5,1600,800,RGB,0d15a6b2d40c76c4fd92797916b9070806f8f54f1381e8cf403c2986a15ece67,261075
VR_Image_dataset_final/C5/Scene024_C5.jpg,Scene024_C5.jpg,C5,1600,800,RGB,f5309c996873563dc3980f3d003932f3206b8c6f7c10484dfa598a0b464077e5,210664
VR_Image_dataset_final/C5/Scene025_C5.jpg,Scene025_C5.jpg,C5,1600,800,RGB,ad7a75066d5434459f8d5ba9a30178afb33e0b9f1a136436b515245fbd43a067,258651
VR_Image_dataset_final/C5/Scene026_C5.jpg,Scene026_C5.jpg,C5,1600,800,RGB,728f94b6da54c7d014d90156d172bfd8e6fb857f8e5982ca97c0f94b2c9f5abd,318944
VR_Image_dataset_final/C5/Scene027_C5.jpg,Scene027_C5.jpg,C5,1600,800,RGB,7ec416e29a27975d0d55ebbf565c35e08cdb243ce57ce4b33e69aae54fccaa94,335573
VR_Image_dataset_final/C5/Scene028_C5.jpg,Scene028_C5.jpg,C5,1600,800,RGB,11db19fbe30ac25d87212e3317fcb0f53adaf58ff9bb8136303641aa0a41eb47,213686
VR_Image_dataset_final/C5/Scene029_C5.jpg,Scene029_C5.jpg,C5,1600,800,RGB,40e06267210f4bfc4e8068396740fd602896504a9b0ee74c7ad603cab13a3557,67581
VR_Image_dataset_final/C5/Scene030_C5.jpg,Scene030_C5.jpg,C5,1600,800,RGB,454cfb3bb949e9768cd274dde56ae9e86896051e4b38ae001b8a9c7c5dc888bf,227233
VR_Image_dataset_final/C5/Scene031_C5.jpg,Scene031_C5.jpg,C5,1600,800,RGB,0e483d2fdd82b5210a2fd97f32ba0e7281569a6226b8dbceddfac0a09cc95f17,232638
VR_Image_dataset_final/C5/Scene032_C5.jpg,Scene032_C5.jpg,C5,1600,800,RGB,fbfd4cc8f75b4f831d0041b5264e405dec7f7be5c28066694c1376124bd74cad,63922
VR_Image_dataset_final/C5/Scene033_C5.jpg,Scene033_C5.jpg,C5,1600,800,RGB,95d04e0fdece5af7012a3abe73fb5b6a584ee34431b0d33f2a335ebdba504b64,324869
VR_Image_dataset_final/C5/Scene034_C5.jpg,Scene034_C5.jpg,C5,1600,800,RGB,46b9dd41ab2c454482ccc6cadbec3ed487e68ecc3f04e84338539a1878b54fd0,117858
VR_Image_dataset_final/C5/Scene035_C5.jpg,Scene035_C5.jpg,C5,1600,800,RGB,5270ac8cd68c8e1e303d424931205317270cf8bf3ba48d6b7a0750f3954d8c87,312497
VR_Image_dataset_final/C5/Scene036_C5.jpg,Scene036_C5.jpg,C5,1600,800,RGB,7e4fcf86053ca507e5c3fa7e5a439da343bfd8470e49a6db6b242b3ffa22792e,340016
VR_Image_dataset_final/C5/Scene037_C5.jpg,Scene037_C5.jpg,C5,1600,800,RGB,bef9b2c1d0b98202e349c293d3ee1d7f9234d6975bbf9a839b4a28d86b0a05d7,230515
VR_Image_dataset_final/C5/Scene038_C5.jpg,Scene038_C5.jpg,C5,1600,800,RGB,fb48ea85f04b2a952989387cf5b7bb4c191d4701df36b28c6c120ede40dcaba8,160608
VR_Image_dataset_final/C5/Scene039_C5.jpg,Scene039_C5.jpg,C5,1600,800,RGB,23e1bdc15831ea8bf98649083834f6b2688c96b97487c4214d992b8afca9a032,211157
VR_Image_dataset_final/C5/Scene040_C5.jpg,Scene040_C5.jpg,C5,1600,800,RGB,8aa27e8f18273daec1a8052f88170008a84c8245eb030ebfca3caa20b62efb0d,158859
VR_Image_dataset_final/C5/Scene041_C5.jpg,Scene041_C5.jpg,C5,1600,800,RGB,d96178736652aa18be9b544dc96290c276e0baab9efb2ef1001b64357656bcce,171226
VR_Image_dataset_final/C5/Scene042_C5.jpg,Scene042_C5.jpg,C5,1600,800,RGB,0e1ae8f91b6bf8047d7e552146e1b574b684dcdffe4d30d4ad6bef04cd82e66d,160707
VR_Image_dataset_final/C5/Scene043_C5.jpg,Scene043_C5.jpg,C5,1600,800,RGB,d8e7eb79a04df28dc872a7988961fc7e704b7ed533a86e1262508ba61745a1fb,161695
VR_Image_dataset_final/C5/Scene044_C5.jpg,Scene044_C5.jpg,C5,1600,800,RGB,d2ac06fb8e447decc87c45d44aed8672e2d180fb46907f68864465164875303b,153318
VR_Image_dataset_final/C5/Scene045_C5.jpg,Scene045_C5.jpg,C5,1600,800,RGB,b7147a58df0f72e301ac85ab17cc1dfb550dc022a7a935371f5eab72e5fb84c5,318267
VR_Image_dataset_final/C5/Scene046_C5.jpg,Scene046_C5.jpg,C5,1600,800,RGB,64ecde52fe5cd108f89f3c3136c74852fb0dd578e4bb1681c43746482be77617,128804
VR_Image_dataset_final/C5/Scene047_C5.jpg,Scene047_C5.jpg,C5,1600,800,RGB,5fc10a03ac6e79547c0d9ba3078e53a9862fc6d9d368ee311dfbe49b492e2b02,192881
VR_Image_dataset_final/C5/Scene048_C5.jpg,Scene048_C5.jpg,C5,1600,800,RGB,d6224967ceed92cca174ed4cf25b2b4ad1394341d5b41493fe0cb78be3c0b421,247467
VR_Image_dataset_final/C5/Scene049_C5.jpg,Scene049_C5.jpg,C5,1600,800,RGB,7635a1ee3bb4fdaaa73edc5fb865b045e512905d13b064c5cac8dfe90aed5794,162673
VR_Image_dataset_final/C5/Scene050_C5.jpg,Scene050_C5.jpg,C5,1600,800,RGB,e8a520f6c09ab9201502f2324a3e9b5a42bcd548a6b553dba01d175ae4a834c1,257837
VR_Image_dataset_final/C5/Scene051_C5.jpg,Scene051_C5.jpg,C5,1600,800,RGB,bcc36aa0ded1676deeb054b5b5fad8b420e2b222b1857125a5397bdefde259c9,434006
VR_Image_dataset_final/C5/Scene052_C5.jpg,Scene052_C5.jpg,C5,1600,800,RGB,b460e9b4f8244d8a1246e00be9d537f20e82737d1452a5c0fdc0e32231f047f8,218014
VR_Image_dataset_final/C5/Scene053_C5.jpg,Scene053_C5.jpg,C5,1600,800,RGB,87fa42c5cac9256c29409571c148415ab68259b6b79ed8058aea326da067ca65,235341
VR_Image_dataset_final/C5/Scene054_C5.jpg,Scene054_C5.jpg,C5,1600,800,RGB,0128f01b20447a285aa257728413863ea3d4e2a644b476ef5b9a9831baf0a18d,297000
VR_Image_dataset_final/C5/Scene055_C5.jpg,Scene055_C5.jpg,C5,1600,800,RGB,7b427bbe8253f2acdc3beb38660993f0cc0b49a6c291ebd6202953f119122c96,222154
VR_Image_dataset_final/C5/Scene056_C5.jpg,Scene056_C5.jpg,C5,1600,800,RGB,ede100fe24cbe904f20e25e798f9fa38bebcf98ae0181752271e8c2398f9100e,259158
VR_Image_dataset_final/C5/Scene057_C5.jpg,Scene057_C5.jpg,C5,1600,800,RGB,27e67d04e20cc5170dac72432b18434ce47d846c25ce85ecf084858b0cb32dd9,286091
VR_Image_dataset_final/C5/Scene058_C5.jpg,Scene058_C5.jpg,C5,1600,800,RGB,62644f44a45d43f6c351481483263076b1b6f24fa6bf922ed9a93ca7db7b5bc6,232221
VR_Image_dataset_final/C5/Scene059_C5.jpg,Scene059_C5.jpg,C5,1600,800,RGB,7b798e868612811eb67dc2d8996f89e37003d550bc78eb8e15e3a313dc46cd59,283362
VR_Image_dataset_final/C5/Scene060_C5.jpg,Scene060_C5.jpg,C5,1600,800,RGB,c56ef9ca1658b5d9bd8dbfcdaf9958317b91b2851c4369a595a662310b0efd19,300842
VR_Image_dataset_final/C5/Scene061_C5.jpg,Scene061_C5.jpg,C5,1600,800,RGB,10005a74b51b96af1b8b256ff3fc5d7c0b48e2df34f3abb6e5a5f93a1f7b0e5b,275239
VR_Image_dataset_final/C5/Scene062_C5.jpg,Scene062_C5.jpg,C5,1600,800,RGB,379a3c9e4d97cc00e9647f7fd399f007129a8d3ce4ad595898a8797a28e50c19,223155
VR_Image_dataset_final/C5/Scene063_C5.jpg,Scene063_C5.jpg,C5,1600,800,RGB,2e6a55b43bf507c2d87115691a54f41a6c569b886d42755b5704c9ff80ff05f7,393344
VR_Image_dataset_final/C5/Scene064_C5.jpg,Scene064_C5.jpg,C5,1600,800,RGB,adcbba789bbe224ee56104b4b196d5aa31abcef1162a49c7c43d6345baebd7c0,303629
VR_Image_dataset_final/C5/Scene065_C5.jpg,Scene065_C5.jpg,C5,1600,800,RGB,74b13cca7a5f2190ca1304d918a29cecd1296598e5796fe20b12951c5691f880,310688
VR_Image_dataset_final/C5/Scene066_C5.jpg,Scene066_C5.jpg,C5,1600,800,RGB,04d25b9675fef315b14c90afb0b322b4f74a80211449064afe5bf934444b0a7c,201106
VR_Image_dataset_final/C5/Scene067_C5.jpg,Scene067_C5.jpg,C5,1600,800,RGB,0b2661b7042a3d05b6dc994dbf9ce889fa9ce1408a7f0c3090c216df59c75256,238106
VR_Image_dataset_final/C5/Scene068_C5.jpg,Scene068_C5.jpg,C5,1600,800,RGB,9828903658bd44b69b229f30922303381fd612cd5166250177559e99026e37c4,151012
VR_Image_dataset_final/C5/Scene069_C5.jpg,Scene069_C5.jpg,C5,1600,800,RGB,e955376fe273776a501f02d5f82bba012b3bd93742433e74aa3f9eee228fc912,188354
VR_Image_dataset_final/C5/Scene070_C5.jpg,Scene070_C5.jpg,C5,1600,800,RGB,ee6f7ee6fe449230c9727245b71c2e4b4964e9c7884963c79af9f2a27901fbb6,233978
VR_Image_dataset_final/C5/Scene071_C5.jpg,Scene071_C5.jpg,C5,1600,800,RGB,49f03733fb42255519a2dc73033a1120af646b93bdd14bdd92f2beb8060a3b93,271520
VR_Image_dataset_final/C5/Scene072_C5.jpg,Scene072_C5.jpg,C5,1600,800,RGB,18abe8b9ca5cd0c4ef0d41664c0159fe6b22bccd7f1248d12635aef76a02e7fa,200809
VR_Image_dataset_final/C5/Scene073_C5.jpg,Scene073_C5.jpg,C5,1600,800,RGB,3faee4dd9e8fab7d054e3bf0ea5dd1ed7804cba7c201010c482e7ba950c16bc7,300811
VR_Image_dataset_final/C5/Scene074_C5.jpg,Scene074_C5.jpg,C5,1600,800,RGB,c28cb2b67f970278225715c2be3d1e7e3c6f085b9a47d76c3624d01db0ac72db,272923
VR_Image_dataset_final/C5/Scene075_C5.jpg,Scene075_C5.jpg,C5,1600,800,RGB,751b8e61ff8314d5581e15d4ac4d2b28ee1e05cc856049410bc94aada7a24499,350511
VR_Image_dataset_final/C5/Scene076_C5.jpg,Scene076_C5.jpg,C5,1600,800,RGB,eb430fd872c361ad1a804cdfcec29c0e38764603999fd91d9ef8a952fa45d1c6,186379
VR_Image_dataset_final/C5/Scene077_C5.jpg,Scene077_C5.jpg,C5,1600,800,RGB,f787295361ff19e840d1a7fa7293cf24ba7c85ef8479cd3c9f1594cd7cd4e39c,319694
VR_Image_dataset_final/C5/Scene078_C5.jpg,Scene078_C5.jpg,C5,1600,800,RGB,315dfed294c56c0d21ebbc1b60aded88c9f22579acf6e699466a9536dce20c39,242178
VR_Image_dataset_final/C5/Scene079_C5.jpg,Scene079_C5.jpg,C5,1600,800,RGB,7268487ae3adbabff5e033ec0bc251b2e26df006281014b2e8638106ecd199ca,203789
VR_Image_dataset_final/C5/Scene080_C5.jpg,Scene080_C5.jpg,C5,1600,800,RGB,f665bd6a5ed1ae04c13b484ba9cc1b8092bbcc232c743863b909e82163224e44,321930
VR_Image_dataset_final/C5/Scene081_C5.jpg,Scene081_C5.jpg,C5,1600,800,RGB,4ede030ee0c1624e976a19444c6610227f2747d1741ce74925dabcda38231efd,287024
VR_Image_dataset_final/C5/Scene082_C5.jpg,Scene082_C5.jpg,C5,1600,800,RGB,94088746b8b78271b2ca0e14aada9c1ac6ea67b9322f4efaace28f9fbcc9b511,191704
VR_Image_dataset_final/C5/Scene083_C5.jpg,Scene083_C5.jpg,C5,1600,800,RGB,a4f13b42c9af3cf91578d44f3a2bb45762597329d0b7b2359b9120a60b792ee3,213363
VR_Image_dataset_final/C5/Scene084_C5.jpg,Scene084_C5.jpg,C5,1600,800,RGB,66f75ea635c071cfe3c1b047130c2603e8b79d01990c2868a147d1ac33acceef,213238
VR_Image_dataset_final/C5/Scene085_C5.jpg,Scene085_C5.jpg,C5,1600,800,RGB,06cba15b1288ddc31023012d40d1516c4bc820ddd45e1ebd52ec945d70e4dd6c,221009
VR_Image_dataset_final/C5/Scene086_C5.jpg,Scene086_C5.jpg,C5,1600,800,RGB,01642b5c3a62d37f91c247bfa8a5afc673b12c2fc6d435aa32e22d6ee3a002d0,216000
VR_Image_dataset_final/C5/Scene087_C5.jpg,Scene087_C5.jpg,C5,1600,800,RGB,421d23134551c15de40de678138bcc51e215147514cb2665e88dfb776618f72e,392958
VR_Image_dataset_final/C5/Scene088_C5.jpg,Scene088_C5.jpg,C5,1600,800,RGB,7d5a33618faa709b82a9a0a6be12f41505bdccc50fd6e7abfb788042d9d8451d,146196
VR_Image_dataset_final/C5/Scene089_C5.jpg,Scene089_C5.jpg,C5,1600,800,RGB,3dca952f45ea7864c9f9c10b5bc771793ee378390d928997159165d1e5ff530f,199770
VR_Image_dataset_final/C5/Scene090_C5.jpg,Scene090_C5.jpg,C5,1600,800,RGB,a265dc9d32cf2054f9062946ba84b1aa69b2ccc5c3eb5e0e08d10d72989de803,190481
VR_Image_dataset_final/C5/Scene091_C5.jpg,Scene091_C5.jpg,C5,1600,800,RGB,f420112118b8f38e4ddf6b03544da6fa16c35f8d82f3939cd5d25582575ded1c,195204
VR_Image_dataset_final/C5/Scene092_C5.jpg,Scene092_C5.jpg,C5,1600,800,RGB,9a4c7a502ff2be81c8fc3afbd638eb8b33dcaaf098a26ea98c7985e1374bf9ff,149945
VR_Image_dataset_final/C5/Scene093_C5.jpg,Scene093_C5.jpg,C5,1600,800,RGB,db94a134ab26961b56151973bf53fcb221053a0bbaa7b90365fa53aba4159c61,180595
VR_Image_dataset_final/C5/Scene094_C5.jpg,Scene094_C5.jpg,C5,1600,800,RGB,d60223c99262a3b1851c53d7bedee121ff814f598598bd63febcf87569d2b492,201011
VR_Image_dataset_final/C5/Scene095_C5.jpg,Scene095_C5.jpg,C5,1600,800,RGB,8179815adfc517352d60fb1cb527c4c01279abf042ff28cbf521e9f65774aa4a,169089
VR_Image_dataset_final/C5/Scene096_C5.jpg,Scene096_C5.jpg,C5,1600,800,RGB,54b743baff3e0faddf4218541013c77b6129677718ccaf739acdfae3bed5b943,50683
VR_Image_dataset_final/C5/Scene097_C5.jpg,Scene097_C5.jpg,C5,1600,800,RGB,49baafd256b49aa23099990c91c8d200e1a8ebe7a8aae66192351d2495057c6b,53908
VR_Image_dataset_final/C5/Scene098_C5.jpg,Scene098_C5.jpg,C5,1600,800,RGB,0f5dc6f07e3e35eda9b531a418e621d9a5c649cf489a4c0eeea99b8aa8dc3359,99365
VR_Image_dataset_final/C5/Scene099_C5.jpg,Scene099_C5.jpg,C5,1600,800,RGB,07dcee208b4cbbbd907a4ac79d000b5caa502bb15f44ee1b8ed70380424d9cdb,162917
VR_Image_dataset_final/C5/Scene100_C5.jpg,Scene100_C5.jpg,C5,1600,800,RGB,404b4aaf3857bc32ec3b7d3b9a4618ebeb0c9d3ae8114889e1575f87cc2453e1,160840
VR_Image_dataset_final/C6/Scene001_C6.jpg,Scene001_C6.jpg,C6,1600,800,RGB,2f24d9d5e5b5039277a772801d35bb17c9debccc4fa0ce97aabcb66eba48534a,74724
VR_Image_dataset_final/C6/Scene002_C6.jpg,Scene002_C6.jpg,C6,1600,800,RGB,9c2d80b5f069310ae79af6ca023dbb97c8b00e02d060672f8819bbc6eda1ae0a,247832
VR_Image_dataset_final/C6/Scene003_C6.jpg,Scene003_C6.jpg,C6,1600,800,RGB,8066607aefc30103b29a8a6da15bc493f48a23bfaed9faa399d12e5a5233769a,102165
VR_Image_dataset_final/C6/Scene004_C6.jpg,Scene004_C6.jpg,C6,1600,800,RGB,76bedd046282a7d85629a719044d0b94443376ed2f74a1ec255b3df77577654d,72666
VR_Image_dataset_final/C6/Scene005_C6.jpg,Scene005_C6.jpg,C6,1600,800,RGB,b651f89dcaae25d8d685634fdec0412616fd6628bd83768bb3386e0584960193,108023
VR_Image_dataset_final/C6/Scene006_C6.jpg,Scene006_C6.jpg,C6,1600,800,RGB,1e8b50cee12458c2c3abcb4d34e4b30827f4a07a5ac615cdf3a2f033a7a8719b,254276
VR_Image_dataset_final/C6/Scene007_C6.jpg,Scene007_C6.jpg,C6,1600,800,RGB,fcbd47e7c9236c4863289417fc9133a738ab9ba56815e9c6f646764f231b8ebe,241253
VR_Image_dataset_final/C6/Scene008_C6.jpg,Scene008_C6.jpg,C6,1600,800,RGB,025d29e288e589db086a3cb241a4d5c141713e6e9ced4bf58b232c7754f40e10,202663
VR_Image_dataset_final/C6/Scene009_C6.jpg,Scene009_C6.jpg,C6,1600,800,RGB,057761116cde5ee02eb9e9ec8c6b0f48c02c049d451188e5d6df494470e9a6a1,307416
VR_Image_dataset_final/C6/Scene010_C6.jpg,Scene010_C6.jpg,C6,1600,800,RGB,10028bb35f4a1e4157386860b025073233543808ef29c34c1b531e2b9d00c54c,384256
VR_Image_dataset_final/C6/Scene011_C6.jpg,Scene011_C6.jpg,C6,1600,800,RGB,b4469d305dc7eb21d5e0ed258fdd9e2e055529dcdaf479707143000e45f91c9e,393668
VR_Image_dataset_final/C6/Scene012_C6.jpg,Scene012_C6.jpg,C6,1600,800,RGB,6483f39f3f9d28d6cc8b28c012d05d7e319cd377c45a9991c006968d40bfa6dc,363522
VR_Image_dataset_final/C6/Scene013_C6.jpg,Scene013_C6.jpg,C6,1600,800,RGB,b0fc5f47c3f1221fd7d3d22f5c7348791224c4946a1564a65d7d6836125a9460,299115
VR_Image_dataset_final/C6/Scene014_C6.jpg,Scene014_C6.jpg,C6,1600,800,RGB,5bc084f60e6fd9227cd51aece667fe7c42c8ca58492b8b95f84fcfc807a5a39a,210938
VR_Image_dataset_final/C6/Scene015_C6.jpg,Scene015_C6.jpg,C6,1600,800,RGB,c2c15c70088f44fd5e2c90aa488c3c3877e8e73cf52f66d88f45afa056ce4e20,364359
VR_Image_dataset_final/C6/Scene016_C6.jpg,Scene016_C6.jpg,C6,1600,800,RGB,3e22f09c38e3387e33c10e2ee5c2d1eaa5d58ba72cd21abac8784572a45f4882,318703
VR_Image_dataset_final/C6/Scene017_C6.jpg,Scene017_C6.jpg,C6,1600,800,RGB,9d837ee099c636ec1aa3cddd2b7c2542c59cf9ddb69222da82e7a961d80b2f5a,194073
VR_Image_dataset_final/C6/Scene018_C6.jpg,Scene018_C6.jpg,C6,1600,800,RGB,dd138d42eed0f8c98aa367f4dbd64c6e3755c9175967e131a6d20c08dd77af8d,230855
VR_Image_dataset_final/C6/Scene019_C6.jpg,Scene019_C6.jpg,C6,1600,800,RGB,9d8a244358f229d20ad4873dbd031add4f8605ce33e39e288f88dbf6c030b4f2,147446
VR_Image_dataset_final/C6/Scene020_C6.jpg,Scene020_C6.jpg,C6,1600,800,RGB,de49ce5509e51ac4a771326308bf4c777fc5771cc46505ef70a9c311354c851c,137098
VR_Image_dataset_final/C6/Scene021_C6.jpg,Scene021_C6.jpg,C6,1600,800,RGB,b82c9ce10f8825078fd68ac3b352a67e59a886a54d4194de0e77808043fc4130,201297
VR_Image_dataset_final/C6/Scene022_C6.jpg,Scene022_C6.jpg,C6,1600,800,RGB,982ae5f957014ae3880988ddc0cfccd34878c0ec040703960e31e69d09e4fcfc,303297
VR_Image_dataset_final/C6/Scene023_C6.jpg,Scene023_C6.jpg,C6,1600,800,RGB,410b30775b807528086da74736e67de382b71bb92238e2dd665f7010d7d498b5,290458
VR_Image_dataset_final/C6/Scene024_C6.jpg,Scene024_C6.jpg,C6,1600,800,RGB,eddc8c9e523e5d94b63998a64f67598d272ee7a138ce34d67ef9db4728e3d967,232585
VR_Image_dataset_final/C6/Scene025_C6.jpg,Scene025_C6.jpg,C6,1600,800,RGB,241cc139f6791ac8086ec5ac36bf02d62d191ec237e80826142d1650fe549d99,287890
VR_Image_dataset_final/C6/Scene026_C6.jpg,Scene026_C6.jpg,C6,1600,800,RGB,592444269392c60cb5471f7f22b843db970fe0e4e52be0c561c9efde38b15207,359694
VR_Image_dataset_final/C6/Scene027_C6.jpg,Scene027_C6.jpg,C6,1600,800,RGB,ef2d146361a6bf3a87a589786d50559a373faad9d88c42e37d34684871872824,377933
VR_Image_dataset_final/C6/Scene028_C6.jpg,Scene028_C6.jpg,C6,1600,800,RGB,d50d12f402d9408e7ab6f9fa4b1a2968a7805844fdf7008922ee3140b4ef44b7,238226
VR_Image_dataset_final/C6/Scene029_C6.jpg,Scene029_C6.jpg,C6,1600,800,RGB,951af4daf366cf833ef50e52808c12fa607472c34cad2790db540e55d37ef6ae,77839
VR_Image_dataset_final/C6/Scene030_C6.jpg,Scene030_C6.jpg,C6,1600,800,RGB,d7c05f1f4bf7acbe17604189f82934791dd307c8b89c44874ada3ce830dc96f0,259864
VR_Image_dataset_final/C6/Scene031_C6.jpg,Scene031_C6.jpg,C6,1600,800,RGB,e41cbb0df11fba8941d5ae3a1cf4fe018115b6d64cd082a1d984d6a1425c864e,261193
VR_Image_dataset_final/C6/Scene032_C6.jpg,Scene032_C6.jpg,C6,1600,800,RGB,a1f98c61304ef1cb518a8d0754866c6c6bb43c83cdf5cce73cd4a20fb64ef460,67041
VR_Image_dataset_final/C6/Scene033_C6.jpg,Scene033_C6.jpg,C6,1600,800,RGB,c33233119cae177cdd5a82f965357fd3f88a6383fcfa2570b7835bd42ae3c43f,366605
VR_Image_dataset_final/C6/Scene034_C6.jpg,Scene034_C6.jpg,C6,1600,800,RGB,6fc13e6d927b85038c53789d8f2879ae6a17c818a6f8ac2c232b61ad22afafe9,133219
VR_Image_dataset_final/C6/Scene035_C6.jpg,Scene035_C6.jpg,C6,1600,800,RGB,40811e55c0fbbfa66965bd4dcaf2ca840a897ed15a45b5b6c83b1e80157d9d39,347872
VR_Image_dataset_final/C6/Scene036_C6.jpg,Scene036_C6.jpg,C6,1600,800,RGB,6b254b1cdb2d7943825eb9134e25ec9989b11f4cbf0c293da7331f3b8604c9cb,383534
VR_Image_dataset_final/C6/Scene037_C6.jpg,Scene037_C6.jpg,C6,1600,800,RGB,f600e17da81d4232d7b7d7c9396661b865d71b66d580978b5e9925e9be5bf853,261024
VR_Image_dataset_final/C6/Scene038_C6.jpg,Scene038_C6.jpg,C6,1600,800,RGB,927d88086dcadd350d7b8cde34a18586e86a6c7d88640c3a0015db71d271e514,181923
VR_Image_dataset_final/C6/Scene039_C6.jpg,Scene039_C6.jpg,C6,1600,800,RGB,07cdb2e1af8e0ebbdaef401bbd400e8377181ae71397871f85553f830088825b,239185
VR_Image_dataset_final/C6/Scene040_C6.jpg,Scene040_C6.jpg,C6,1600,800,RGB,003084ea879210deb89761fa084e9f541030a63e697fe23e40682e693a8cba1d,178402
VR_Image_dataset_final/C6/Scene041_C6.jpg,Scene041_C6.jpg,C6,1600,800,RGB,0ce0fbb2f370fe4d53bd4a2d4d29ee006e9e90537924491615bf9a379df844d3,195520
VR_Image_dataset_final/C6/Scene042_C6.jpg,Scene042_C6.jpg,C6,1600,800,RGB,405f1d764c27243dba8f6cc34e895cf2c24c31bdbb90387a55d2a9c2a819ec6d,184810
VR_Image_dataset_final/C6/Scene043_C6.jpg,Scene043_C6.jpg,C6,1600,800,RGB,eaf71d22460c8d53751e4646f914e41cbb5cc7fff38a1b4b09ba2559ee012dff,182148
VR_Image_dataset_final/C6/Scene044_C6.jpg,Scene044_C6.jpg,C6,1600,800,RGB,c63ff85f69585d9c6d5b24a927c604ab415718fd16bb9fd1ed27f746e276bc8d,173893
VR_Image_dataset_final/C6/Scene045_C6.jpg,Scene045_C6.jpg,C6,1600,800,RGB,66d8d79ed781d78ccdec76b2da34c536355b153999868ae940c526f38c109ddb,355216
VR_Image_dataset_final/C6/Scene046_C6.jpg,Scene046_C6.jpg,C6,1600,800,RGB,062b547c1db099704a53e3305a00ea8093c0f6451d46d63c22259c7e0985d6e3,150916
VR_Image_dataset_final/C6/Scene047_C6.jpg,Scene047_C6.jpg,C6,1600,800,RGB,aadfbcb3c80fbd301840bdd950aab2e918834c76697b2cb1ddd689f293002d8b,219015
VR_Image_dataset_final/C6/Scene048_C6.jpg,Scene048_C6.jpg,C6,1600,800,RGB,30578129efca998b20391d9ddd518988f7b8a75ee4d8dd9b94141c9136a044ee,278968
VR_Image_dataset_final/C6/Scene049_C6.jpg,Scene049_C6.jpg,C6,1600,800,RGB,4f989d094537c5d7065bad293791dfa0a5a7636e7fabe82a026f28c91b08b0f1,185353
VR_Image_dataset_final/C6/Scene050_C6.jpg,Scene050_C6.jpg,C6,1600,800,RGB,73e64cbdf55064b2f0ee092d7b75a06bbe46bee5915d015114e1d579c0979ba3,291065
VR_Image_dataset_final/C6/Scene051_C6.jpg,Scene051_C6.jpg,C6,1600,800,RGB,36764adbebcbb91a259b4453db5e54baa182bd9b8d783e7603fd1924636350c0,634682
VR_Image_dataset_final/C6/Scene052_C6.jpg,Scene052_C6.jpg,C6,1600,800,RGB,f022c85ce8ab610e856152500b9a6d8dc743cb92cd9ce51394603e96db064d2b,373834
VR_Image_dataset_final/C6/Scene053_C6.jpg,Scene053_C6.jpg,C6,1600,800,RGB,a3e48672e22f755a029d3d61eb125d8c03feca22615b4b45f7948ff0ae1aaa07,368090
VR_Image_dataset_final/C6/Scene054_C6.jpg,Scene054_C6.jpg,C6,1600,800,RGB,2a30d706df09c050c8fa8d8951804fa9b1efa8e236e2be5fa912f161b9c76f01,430028
VR_Image_dataset_final/C6/Scene055_C6.jpg,Scene055_C6.jpg,C6,1600,800,RGB,489b93624ff590050cdc47a66634755beb8e275c7c8a2b1e3e45fb3a67fffd67,317764
VR_Image_dataset_final/C6/Scene056_C6.jpg,Scene056_C6.jpg,C6,1600,800,RGB,c4d7446680328742fef71da4b4f026f60c4868a153cbecf7915adc9058d7dc2a,388781
VR_Image_dataset_final/C6/Scene057_C6.jpg,Scene057_C6.jpg,C6,1600,800,RGB,f5887d5fdd81e83d381776cbb251e6c398f405209d69d97cad9ade6e6ee8e0c0,431384
VR_Image_dataset_final/C6/Scene058_C6.jpg,Scene058_C6.jpg,C6,1600,800,RGB,da58dd611304f7a1adead8432355708d4b5ebb56c618ae79803118b2cf25dabc,365436
VR_Image_dataset_final/C6/Scene059_C6.jpg,Scene059_C6.jpg,C6,1600,800,RGB,4fdb716ba03d1fc25652fe0c96ea0f0e3bdc0b3a9984e6149607ddecee8b06e7,426043
VR_Image_dataset_final/C6/Scene060_C6.jpg,Scene060_C6.jpg,C6,1600,800,RGB,513da189ad2fb237bf069a0b5127deed905bb5541b399a3eb98c31a0460bda17,453370
VR_Image_dataset_final/C6/Scene061_C6.jpg,Scene061_C6.jpg,C6,1600,800,RGB,8e4c1cd58090c43c60a29cbb11b210ad33d24018181fb0acf8e559eb78d12ff4,416484
VR_Image_dataset_final/C6/Scene062_C6.jpg,Scene062_C6.jpg,C6,1600,800,RGB,0eae7d46f57ab8892aa689210d04c3ecdc03b8289929272c4374258673295a8f,370618
VR_Image_dataset_final/C6/Scene063_C6.jpg,Scene063_C6.jpg,C6,1600,800,RGB,a1c24d646857a733523cd6bd0f0a6de4d51d10836949bba6554699643dea38bd,602091
VR_Image_dataset_final/C6/Scene064_C6.jpg,Scene064_C6.jpg,C6,1600,800,RGB,636c6b4ff08aaf70ba9596f25f4ce8aca7b9af8f7b95c3fd1b48d09aba5fb713,465411
VR_Image_dataset_final/C6/Scene065_C6.jpg,Scene065_C6.jpg,C6,1600,800,RGB,96c5e198a4b5cbc754738effad0cfe2b5ba756aba13926ab505de1ca29fc6324,431373
VR_Image_dataset_final/C6/Scene066_C6.jpg,Scene066_C6.jpg,C6,1600,800,RGB,3371df86770f6a2e507db6363756b20bb2df9f42ce0e8e935a62d579c16c3f53,301043
VR_Image_dataset_final/C6/Scene067_C6.jpg,Scene067_C6.jpg,C6,1600,800,RGB,166ce34356c47c35fa282d1e3d695693db517a72ca7b906f85a9e951f7b90b74,350848
VR_Image_dataset_final/C6/Scene068_C6.jpg,Scene068_C6.jpg,C6,1600,800,RGB,ef88ee00c8f10134ea28647088a8ec642d247d843139fce781d10f8b18087740,249478
VR_Image_dataset_final/C6/Scene069_C6.jpg,Scene069_C6.jpg,C6,1600,800,RGB,d759395fe1c848a00d42db51d2c4efa974223fcfbc9522806f674682a7996ae7,290120
VR_Image_dataset_final/C6/Scene070_C6.jpg,Scene070_C6.jpg,C6,1600,800,RGB,305ea06ecc5bc94f8afbb6715bd4c0891353bcf57973f10b26077c485d8c8291,351534
VR_Image_dataset_final/C6/Scene071_C6.jpg,Scene071_C6.jpg,C6,1600,800,RGB,da5c07a2e563bda7da91852883174246f74becef04c17956ae0aba66f0d107e6,394486
VR_Image_dataset_final/C6/Scene072_C6.jpg,Scene072_C6.jpg,C6,1600,800,RGB,3f33ab5b3ee25aefe8776bfa445107df429bbe086d119db97703e7971a5a8859,313196
VR_Image_dataset_final/C6/Scene073_C6.jpg,Scene073_C6.jpg,C6,1600,800,RGB,994aad5293267631e0036c631a93b34492a2dc9b44fbfcdb46dc12e3023c63aa,456981
VR_Image_dataset_final/C6/Scene074_C6.jpg,Scene074_C6.jpg,C6,1600,800,RGB,8d911925e519ab52c7e2d5043f64255619a72d72e5c7aae88c1bf94e4ddd6172,423371
VR_Image_dataset_final/C6/Scene075_C6.jpg,Scene075_C6.jpg,C6,1600,800,RGB,c346d9ebfcd515ed8da99f53fc113d0d48197a8f832f865ca90a527b5a301ebd,559484
VR_Image_dataset_final/C6/Scene076_C6.jpg,Scene076_C6.jpg,C6,1600,800,RGB,0a026094bb06cb978420ec85f569bfa541fd1da15e6fb8b83caaadfc8998a912,293867
VR_Image_dataset_final/C6/Scene077_C6.jpg,Scene077_C6.jpg,C6,1600,800,RGB,d75f7f0b24c53d320d977d5add7b81169eed6865744036bb8119d3b5783a0107,490371
VR_Image_dataset_final/C6/Scene078_C6.jpg,Scene078_C6.jpg,C6,1600,800,RGB,42cfe1b5c878eea88d4a555327f47d2e7268bf1525438273d71c23ee0ebb830d,388869
VR_Image_dataset_final/C6/Scene079_C6.jpg,Scene079_C6.jpg,C6,1600,800,RGB,1d85438fd4af03a2e0b60a826c2358464691c3b66e9f3abf870bace5926779c0,321452
VR_Image_dataset_final/C6/Scene080_C6.jpg,Scene080_C6.jpg,C6,1600,800,RGB,6fe1d1266145d0789c34645b4c871957c329ec512102e47412e9a60da1c98080,485161
VR_Image_dataset_final/C6/Scene081_C6.jpg,Scene081_C6.jpg,C6,1600,800,RGB,95f3a94853a8c3f4f2da78d5c2c8e308164e2b0eea166d2f7c1e88db3b03b6dd,421617
VR_Image_dataset_final/C6/Scene082_C6.jpg,Scene082_C6.jpg,C6,1600,800,RGB,4b31a220cd7d75df01e47849e215385152d9f1919c3108a58875e224d3f386da,319714
VR_Image_dataset_final/C6/Scene083_C6.jpg,Scene083_C6.jpg,C6,1600,800,RGB,6b01b589b21c63f7548b8fdfc40df9506a5d0f49dfd27797ea2d6fcfe412bf7f,357217
VR_Image_dataset_final/C6/Scene084_C6.jpg,Scene084_C6.jpg,C6,1600,800,RGB,7113416f2361d65283a572f68f9329b4109539f3cf82d9b54572d88edef2160f,364111
VR_Image_dataset_final/C6/Scene085_C6.jpg,Scene085_C6.jpg,C6,1600,800,RGB,5f404d83b7f0d87d4d641772781d84b410a7fcda7532028e2a57dfa8ee9bc1a8,350568
VR_Image_dataset_final/C6/Scene086_C6.jpg,Scene086_C6.jpg,C6,1600,800,RGB,63342e84d8a745c307dcdfc848091b0ae6bdb5b6515f0a98dc86104f8ebb8d5a,329742
VR_Image_dataset_final/C6/Scene087_C6.jpg,Scene087_C6.jpg,C6,1600,800,RGB,5f6849343f542d532f9e8e45b7b4e7ebc0cba97e019373c2bb48bb0c15da1cb4,593188
VR_Image_dataset_final/C6/Scene088_C6.jpg,Scene088_C6.jpg,C6,1600,800,RGB,54bf0ad5c135d99a6ce6da096711fbcb1752b68070b7c596a70e4e751e22f013,229923
VR_Image_dataset_final/C6/Scene089_C6.jpg,Scene089_C6.jpg,C6,1600,800,RGB,bcc331151f382545b5a5b286ab966af1b51ad890db0804c9bcbc706505654043,292111
VR_Image_dataset_final/C6/Scene090_C6.jpg,Scene090_C6.jpg,C6,1600,800,RGB,878877c4fe081463e8620c5f79af530ddb809baf1ca23d0dbc83e835b5bd33aa,304336
VR_Image_dataset_final/C6/Scene091_C6.jpg,Scene091_C6.jpg,C6,1600,800,RGB,77b302b46f9d25f14678a9608528597e7cb02a24c5e338b0b624a7d26bee6488,284836
VR_Image_dataset_final/C6/Scene092_C6.jpg,Scene092_C6.jpg,C6,1600,800,RGB,b74fdb273feb7d9c7c73a8ff604512268fb049a4951e38dc558f28014a35e0a9,252687
VR_Image_dataset_final/C6/Scene093_C6.jpg,Scene093_C6.jpg,C6,1600,800,RGB,e8708dc06c2f80bb3e8d59ff1785cda402bf9ad2d9e27091f5a387b0fa1d9431,297895
VR_Image_dataset_final/C6/Scene094_C6.jpg,Scene094_C6.jpg,C6,1600,800,RGB,eadc796d3654c0d845b9504c8db4e03ae67f7881a92c409dc3b02e426587e6cd,350331
VR_Image_dataset_final/C6/Scene095_C6.jpg,Scene095_C6.jpg,C6,1600,800,RGB,e18c6ee09a4ef221a47f2ef8ae21743ed99f62aae1444020f8c0285d896c272b,301721
VR_Image_dataset_final/C6/Scene096_C6.jpg,Scene096_C6.jpg,C6,1600,800,RGB,603565e1c2410a57f18edb559a33e6261320b48cfc66264e85d3e9b68feab4d4,91838
VR_Image_dataset_final/C6/Scene097_C6.jpg,Scene097_C6.jpg,C6,1600,800,RGB,a176810c7152069595edd3c525554a5306b65824a8cf9f61392e7dc9907dbc25,90552
VR_Image_dataset_final/C6/Scene098_C6.jpg,Scene098_C6.jpg,C6,1600,800,RGB,86d3682fbf79bb6a661064369d6771ed9851084a5eaf0ec1dd19c71b801bb121,161112
VR_Image_dataset_final/C6/Scene099_C6.jpg,Scene099_C6.jpg,C6,1600,800,RGB,36ea4d008051b3449a9dc5fdb883a3b206a670ccbf1d041899e4521423f9ead6,278419
VR_Image_dataset_final/C6/Scene100_C6.jpg,Scene100_C6.jpg,C6,1600,800,RGB,e1741233d8718ecaf030e919821ce4fff13e98b494dbb42564d6d10e799b0858,264541
